StartDate,EndDate,Status,IPAddress,Progress,Duration__in_seconds_,Finished,RecordedDate,ResponseId,RecipientLastName,RecipientFirstName,RecipientEmail,ExternalReference,LocationLatitude,LocationLongitude,DistributionChannel,UserLanguage,Q_RecaptchaScore,Q_RelevantIDDuplicate,Q_RelevantIDDuplicateScore,Q_RelevantIDFraudScore,Q_RelevantIDLastStartDate,Q1.1,Q2.1,Q2.2,Q2.4,Q2.5_1,Q2.5_2,Q2.5_3,Q2.5_4,Q2.5_5,Q2.5_DO_1,Q2.5_DO_2,Q2.5_DO_3,Q2.5_DO_4,Q2.5_DO_5,Q3.11_1,Q3.11_2,Q3.11_3,Q3.11_4,Q3.11_5,Q3.11_DO_1,Q3.11_DO_2,Q3.11_DO_3,Q3.11_DO_4,Q3.11_DO_5,Q3.16_4,Q3.17_14,Q4.4_1,Q4.5_1,Q5.5,Q5.6,Q6.1_1,Q6.1_2,Q6.1_3,Q6.1_4,Q6.1_5,Q6.1_6,Q6.1_7,Q6.1_8,Q6.1_9,Q6.2,Q6.3,Q6.4_1,Q4.6,Q4.7,Random_ID,kristina_DO_Q3.9,kristina_DO_Q3.8,kristina_DO_Q3.7,kristina_DO_Q3.6,kristina_DO_Q3.5,kristina_DO_Q3.4,kristina_DO_Q3.3,kristina_DO_Q3.2,kristina_DO_Q3.1,matthew_DO_Q4.3,matthew_DO_Q4.2,matthew_DO_Q4.1,justin_DO_Q5.4,justin_DO_Q5.3,justin_DO_Q5.2,justin_DO_Q5.1
1,2023-05-03 05:38:20,2023-05-03 05:40:07,0,23.148.216.175,100,107,1,2023-05-03 05:40:08,R_9QSadkxXlwTJ3zP,,,,,43.0801,-77.6342,anonymous,EN,1,,0,30,1582-10-14,1,1,2,NA,1,2,2,1,2,4,3,5,1,2,1,1,1,1,1,2,3,4,5,1,99,81,2,2,2,2,NA,NA,NA,NA,NA,NA,1,NA,NA,2,3,15,2,2,89260,NA,NA,NA,NA,2,NA,NA,NA,1,2,NA,1,NA,1,NA,NA
2,2023-05-03 05:38:48,2023-05-03 05:40:19,0,192.126.178.77,100,90,1,2023-05-03 05:40:20,R_D1qme9UYfWdrIm5,,,,,47.63,-122.2972,anonymous,EN,0.899999976158142,,0,125,1582-10-14,1,2,1,NA,4,5,4,5,5,4,3,2,1,5,5,5,5,4,4,5,3,1,2,4,79,100,5,4,2,1,1,1,1,1,1,1,1,1,1,1,4,18,1,1,99597,2,NA,NA,NA,NA,NA,NA,NA,1,2,NA,1,1,NA,NA,NA
3,2023-05-03 05:38:36,2023-05-03 05:40:21,0,208.194.211.232,100,105,1,2023-05-03 05:40:22,R_1P6PfTUGfV7SA71,,,,,41.9853,-71.5184,anonymous,EN,0.899999976158142,,0,30,1582-10-14,1,2,1,NA,2,2,2,2,2,5,3,2,4,1,2,2,2,2,2,4,3,2,5,1,60,70,2,2,2,2,NA,NA,NA,NA,NA,NA,1,NA,NA,2,1,15,1,1,46941,NA,NA,NA,NA,NA,NA,2,NA,1,NA,2,1,NA,NA,NA,1
4,2023-05-03 05:38:39,2023-05-03 05:41:01,0,205.149.62.13,100,142,1,2023-05-03 05:41:02,R_vYp66OB7vY25Nct,,,,,42.7811,-71.2156,anonymous,EN,0.699999988079071,,0,25,1582-10-14,1,3,NA,2,1,2,1,1,2,1,3,2,5,4,2,5,1,1,1,1,3,4,5,2,100,100,1,2,1,1,NA,NA,NA,NA,NA,NA,1,NA,NA,2,3,33,1,2,25942,2,NA,NA,NA,NA,NA,NA,NA,1,2,NA,1,NA,NA,1,NA
5,2023-05-03 05:37:44,2023-05-03 05:41:03,0,66.207.186.207,100,198,1,2023-05-03 05:41:03,R_3qI18lFftKAzBoU,,,,,39.7388,-104.9868,anonymous,EN,0.800000011920929,,0,10,1582-10-14,1,2,1,NA,4,3,3,4,3,2,1,3,4,5,3,4,3,4,3,3,2,5,4,1,71,63,3,3,2,2,NA,NA,NA,NA,NA,NA,1,NA,NA,1,3,6,1,1,82744,NA,NA,NA,NA,NA,NA,NA,2,1,NA,2,1,NA,1,NA,NA
6,2023-05-03 05:38:49,2023-05-03 05:41:04,0,63.92.70.213,100,135,1,2023-05-03 05:41:05,R_21AnF1oWTmQvZsH,,,,,41.9032,-87.6383,anonymous,EN,1,,0,55,1582-10-14,1,1,1,NA,2,2,1,3,2,5,1,3,2,4,2,4,1,2,2,1,2,4,5,3,48,67,2,3,2,2,NA,NA,NA,NA,NA,NA,1,NA,NA,2,3,8,2,2,78363,NA,NA,2,NA,NA,NA,NA,NA,1,2,NA,1,NA,NA,NA,1
7,2023-05-03 05:37:55,2023-05-03 05:41:10,0,208.195.188.196,100,194,1,2023-05-03 05:41:10,R_xbi6PAbPQVB7Lu9,,,,,40.8023,-73.7329,anonymous,EN,1,,0,30,1582-10-14,1,2,1,NA,1,2,2,2,1,1,5,3,2,4,1,1,2,2,1,1,5,2,3,4,85,82,1,1,1,3,NA,NA,1,NA,NA,NA,NA,NA,NA,1,4,18,1,1,18993,NA,NA,NA,NA,NA,NA,2,NA,1,NA,2,1,NA,NA,1,NA
8,2023-05-03 05:38:33,2023-05-03 05:41:28,0,150.198.62.92,100,175,1,2023-05-03 05:41:29,R_1OxIU2GNUEz8ZW1,,,,,42.4248,-83.1951,anonymous,EN,0.800000011920929,,0,0,1582-10-14,1,1,2,NA,2,2,3,3,2,2,1,5,3,4,3,2,2,4,4,5,4,2,1,3,70,70,3,2,2,3,NA,NA,NA,NA,NA,NA,1,NA,NA,2,3,25,2,2,11520,NA,NA,NA,NA,NA,2,NA,NA,1,2,NA,1,1,NA,NA,NA
9,2023-05-03 05:39:26,2023-05-03 05:42:10,0,162.235.196.244,100,164,1,2023-05-03 05:42:11,R_2R1ubb8aaHXNA4S,,,,,33.8574,-84.013,anonymous,EN,1,,0,0,1582-10-14,1,2,1,NA,2,3,4,4,2,5,1,2,3,4,4,4,2,3,3,3,4,2,5,1,40,18,3,3,3,3,NA,NA,NA,NA,NA,NA,1,NA,NA,2,3,43,2,2,46739,NA,NA,NA,NA,NA,NA,NA,2,1,NA,2,1,NA,NA,NA,1
10,2023-05-03 05:39:03,2023-05-03 05:42:26,0,174.84.35.123,100,203,1,2023-05-03 05:42:27,R_vIG8cBvqYEIdvI5,,,,,43.6381,-84.2029,anonymous,EN,1,,0,60,1582-10-14,1,2,2,NA,2,5,5,4,2,3,4,2,5,1,2,2,2,4,2,1,4,2,5,3,60,100,2,3,1,3,NA,NA,NA,NA,NA,NA,1,NA,NA,1,1,26,2,2,81838,NA,NA,2,NA,NA,NA,NA,NA,1,2,NA,1,NA,1,NA,NA
11,2023-05-03 05:39:50,2023-05-03 05:42:30,0,208.195.180.196,100,160,1,2023-05-03 05:42:30,R_3HIzlxOTEhj7URg,,,,,40.8023,-73.7329,anonymous,EN,1,,0,30,1582-10-14,1,2,1,NA,2,3,2,2,1,3,2,5,1,4,3,2,3,1,2,2,4,5,3,1,60,68,2,2,2,3,NA,NA,NA,NA,NA,NA,1,NA,NA,2,1,15,2,2,71311,NA,NA,NA,NA,2,NA,NA,NA,1,2,NA,1,NA,NA,1,NA
12,2023-05-03 05:40:45,2023-05-03 05:42:37,0,208.194.207.31,100,112,1,2023-05-03 05:42:37,R_3JwTkWyR1tdWjbh,,,,,40.7304,-74.2727,anonymous,EN,1,,0,30,1582-10-14,1,2,1,NA,1,1,1,1,1,3,4,5,1,2,2,2,1,2,1,5,4,3,1,2,100,91,1,1,3,1,NA,NA,NA,NA,NA,NA,1,NA,NA,2,4,9,1,2,46349,NA,NA,NA,2,NA,NA,NA,NA,1,2,NA,1,1,NA,NA,NA
13,2023-05-03 05:39:54,2023-05-03 05:42:37,0,84.32.6.214,100,163,1,2023-05-03 05:42:38,R_2WCM2rs98gHxy0k,,,,,38.6583,-77.2481,anonymous,EN,0.899999976158142,,0,30,1582-10-14,1,1,1,NA,2,3,2,1,2,1,3,5,2,4,3,5,3,4,4,5,3,1,4,2,68,75,4,3,2,3,NA,NA,NA,NA,NA,NA,1,NA,NA,2,4,9,1,1,54372,NA,NA,NA,NA,NA,NA,NA,2,1,NA,2,1,NA,1,NA,NA
14,2023-05-03 05:40:58,2023-05-03 05:42:40,0,192.126.180.21,100,102,1,2023-05-03 05:42:41,R_1r6okpYZe6ncB7d,,,,,47.63,-122.2972,anonymous,EN,0.899999976158142,,0,125,1582-10-14,1,3,NA,1,1,2,2,1,2,2,3,1,4,5,2,1,1,2,2,5,4,2,1,3,69,78,2,2,1,2,NA,1,NA,NA,NA,NA,NA,NA,NA,1,3,10,1,1,44543,NA,NA,2,NA,NA,NA,NA,NA,1,NA,2,1,NA,1,NA,NA
15,2023-05-03 05:40:29,2023-05-03 05:42:49,0,208.202.248.212,100,139,1,2023-05-03 05:42:49,R_2rinOkrgIOQBsYJ,,,,,40.8485,-96.6247,anonymous,EN,1,,0,10,1582-10-14,1,1,1,NA,2,3,3,2,2,4,3,5,2,1,3,2,2,3,2,3,2,4,1,5,87,90,2,2,3,2,NA,NA,NA,NA,NA,NA,1,NA,NA,1,3,16,2,2,57602,2,NA,NA,NA,NA,NA,NA,NA,1,NA,2,1,NA,1,NA,NA
16,2023-05-03 05:40:50,2023-05-03 05:42:56,0,185.186.60.223,100,126,1,2023-05-03 05:42:57,R_3nJaQhiUAoWpnEh,,,,,34.0544,-118.244,anonymous,EN,0.899999976158142,,0,0,1582-10-14,1,3,NA,2,1,2,4,1,3,5,1,3,2,4,3,2,4,1,4,3,1,5,4,2,58,76,2,1,2,3,NA,NA,NA,NA,NA,NA,1,NA,NA,1,3,47,2,2,81784,NA,2,NA,NA,NA,NA,NA,NA,1,2,NA,1,1,NA,NA,NA
17,2023-05-03 05:39:56,2023-05-03 05:42:59,0,69.80.81.199,100,182,1,2023-05-03 05:42:59,R_11gU2XejyikZjIH,,,,,33.9133,-80.3587,anonymous,EN,1,,0,0,1582-10-14,1,2,1,NA,4,5,2,3,2,2,4,5,1,3,2,1,2,3,2,1,5,3,2,4,90,90,2,2,3,3,NA,NA,NA,NA,NA,NA,NA,NA,1,2,1,24,2,2,28810,2,NA,NA,NA,NA,NA,NA,NA,1,2,NA,1,NA,1,NA,NA
18,2023-05-03 05:40:22,2023-05-03 05:43:01,0,208.194.202.225,100,158,1,2023-05-03 05:43:02,R_2AM6WZxaY2YR3B2,,,,,40.7304,-74.2727,anonymous,EN,1,,0,30,1582-10-14,1,1,2,NA,1,1,2,2,2,3,4,2,1,5,2,1,1,2,1,5,3,2,1,4,99,97,1,1,2,4,NA,NA,NA,NA,NA,NA,1,NA,NA,2,3,5,2,2,95647,NA,NA,NA,NA,2,NA,NA,NA,1,2,NA,1,1,NA,NA,NA
19,2023-05-03 05:38:55,2023-05-03 05:43:04,0,108.39.196.178,100,248,1,2023-05-03 05:43:04,R_1oprZimqnusfg3L,,,,,40.4064,-79.9856,anonymous,EN,1,,0,0,1582-10-14,1,3,NA,2,4,4,2,4,2,3,2,1,5,4,3,2,3,3,3,4,5,2,1,3,75,70,2,3,3,3,NA,NA,NA,NA,NA,NA,1,NA,NA,1,3,27,1,2,36241,NA,NA,NA,NA,2,NA,NA,NA,1,2,NA,1,NA,NA,1,NA
20,2023-05-03 05:41:47,2023-05-03 05:43:08,0,192.126.216.18,100,81,1,2023-05-03 05:43:09,R_OdMs8zhUwNkKmXL,,,,,37.751,-97.822,anonymous,EN,0.899999976158142,,0,125,1582-10-14,1,1,1,NA,4,5,5,4,5,4,1,3,2,5,5,5,4,4,5,5,3,4,2,1,99,100,5,5,2,1,1,1,1,1,1,1,1,1,1,1,3,18,1,1,10382,2,NA,NA,NA,NA,NA,NA,NA,1,2,NA,1,1,NA,NA,NA
21,2023-05-03 05:40:46,2023-05-03 05:43:10,0,23.148.216.26,100,144,1,2023-05-03 05:43:10,R_3n0mcE3Kmvg0tZI,,,,,43.0801,-77.6342,anonymous,EN,1,,0,30,1582-10-14,1,1,2,NA,2,1,2,1,1,3,5,2,4,1,2,2,1,2,2,3,4,2,1,5,86,90,2,2,1,3,NA,NA,NA,NA,NA,NA,1,NA,NA,2,3,5,2,2,67100,2,NA,NA,NA,NA,NA,NA,NA,1,NA,2,1,NA,NA,NA,1
22,2023-05-03 05:40:42,2023-05-03 05:43:12,0,23.82.140.144,100,150,1,2023-05-03 05:43:13,R_2fI3dCkrouGRiwk,,,,,25.7349,-80.2228,anonymous,EN,0.699999988079071,,0,25,1582-10-14,1,2,1,NA,2,2,3,3,3,2,4,5,1,3,2,3,1,2,1,2,3,5,4,1,91,91,1,2,1,2,NA,NA,NA,NA,NA,NA,1,NA,NA,2,1,13,1,1,80858,NA,NA,NA,NA,NA,2,NA,NA,1,NA,2,1,NA,NA,1,NA
23,2023-05-03 05:39:54,2023-05-03 05:43:14,0,208.194.221.209,100,200,1,2023-05-03 05:43:15,R_WAmAEdhXaZTdS9j,,,,,40.7637,-73.7695,anonymous,EN,1,,0,30,1582-10-14,1,1,1,NA,3,2,2,3,2,4,3,1,2,5,2,2,2,1,3,3,5,2,4,1,62,56,3,2,3,2,NA,NA,NA,NA,NA,NA,1,NA,NA,1,3,23,2,2,19355,NA,NA,NA,2,NA,NA,NA,NA,1,2,NA,1,NA,1,NA,NA
24,2023-05-03 05:38:44,2023-05-03 05:43:17,0,204.242.180.219,100,272,1,2023-05-03 05:43:18,R_a3KbT58XKzl4fD3,,,,,40.7265,-74.1782,anonymous,EN,1,,0,0,1582-10-14,1,2,1,NA,1,2,2,1,1,5,2,4,1,3,1,1,2,1,1,5,1,4,2,3,100,95,1,1,1,1,NA,NA,NA,NA,NA,NA,1,NA,NA,1,4,15,2,2,92802,NA,2,NA,NA,NA,NA,NA,NA,1,NA,2,1,NA,NA,NA,1
25,2023-05-03 05:41:50,2023-05-03 05:43:20,0,208.195.190.235,100,89,1,2023-05-03 05:43:21,R_1DG4FLSNn79e0xk,,,,,40.8023,-73.7329,anonymous,EN,1,,0,30,1582-10-14,1,1,1,NA,1,2,1,2,2,2,1,4,3,5,2,2,1,3,1,4,2,5,1,3,67,61,1,2,2,1,NA,NA,NA,NA,NA,NA,1,NA,NA,2,4,31,1,2,78170,2,NA,NA,NA,NA,NA,NA,NA,1,NA,2,1,NA,NA,NA,1
26,2023-05-03 05:41:06,2023-05-03 05:43:23,0,208.195.162.233,100,137,1,2023-05-03 05:43:24,R_UoxpBhgeSAxWb0l,,,,,39.8079,-86.0949,anonymous,EN,NA,,0,0,1582-10-14,1,2,1,NA,4,5,5,5,5,1,2,3,5,4,4,5,4,4,5,1,2,4,5,3,79,70,4,5,1,2,NA,1,NA,NA,NA,NA,1,NA,NA,1,4,12,1,1,60554,NA,NA,NA,2,NA,NA,NA,NA,1,NA,2,1,1,NA,NA,NA
27,2023-05-03 05:41:28,2023-05-03 05:43:24,0,208.195.178.205,100,115,1,2023-05-03 05:43:24,R_2pL7RFJAfvnLWqH,,,,,40.8023,-73.7329,anonymous,EN,0.899999976158142,,0,30,1582-10-14,1,1,1,NA,3,3,4,4,3,1,5,4,2,3,2,2,3,2,3,3,5,2,1,4,45,39,3,4,3,3,NA,NA,NA,NA,NA,NA,1,NA,NA,2,3,18,2,2,54427,NA,NA,NA,NA,NA,NA,2,NA,1,2,NA,1,NA,NA,1,NA
28,2023-05-03 05:40:31,2023-05-03 05:43:30,0,172.84.188.244,100,178,1,2023-05-03 05:43:31,R_3RgSusfjwspIwwy,,,,,25.7689,-80.1946,anonymous,EN,0.899999976158142,,0,25,1582-10-14,1,2,1,NA,2,1,2,1,2,4,3,5,2,1,1,3,2,2,2,2,4,1,3,5,51,67,2,1,2,3,NA,NA,NA,NA,NA,NA,1,NA,NA,1,3,12,2,2,37343,NA,NA,NA,NA,NA,NA,NA,2,1,2,NA,1,1,NA,NA,NA
29,2023-05-03 05:41:19,2023-05-03 05:43:35,0,208.195.176.148,100,136,1,2023-05-03 05:43:36,R_Xoy3DKNTbFGWXf3,,,,,40.6286,-73.939,anonymous,EN,1,,0,30,1582-10-14,1,2,1,NA,2,1,2,1,2,5,2,4,3,1,2,2,1,2,1,5,1,2,4,3,80,90,1,2,1,1,NA,NA,1,NA,NA,NA,NA,NA,NA,1,4,18,1,1,95714,NA,NA,NA,NA,2,NA,NA,NA,1,2,NA,1,1,NA,NA,NA
30,2023-05-03 05:38:54,2023-05-03 05:43:37,0,63.92.66.18,100,283,1,2023-05-03 05:43:38,R_Ryn8w78VcLjzQch,,,,,28.5436,-81.3738,anonymous,EN,1,,0,25,1582-10-14,1,3,NA,1,1,1,2,2,2,4,1,5,2,3,2,4,2,3,2,4,2,3,1,5,66,40,3,2,2,2,NA,NA,NA,NA,NA,NA,1,NA,NA,2,4,34,2,2,12143,NA,NA,NA,NA,NA,NA,2,NA,1,NA,2,1,NA,NA,NA,1
31,2023-05-03 05:41:09,2023-05-03 05:43:40,0,121.91.230.243,100,150,1,2023-05-03 05:43:40,R_uwyG0nCTdapLfI5,,,,,39.0064,-77.4199,anonymous,EN,1,,0,25,1582-10-14,1,2,1,NA,5,4,4,5,4,2,5,1,4,3,4,4,5,4,5,3,1,4,5,2,42,47,4,5,2,3,NA,NA,NA,NA,NA,NA,1,NA,NA,1,4,13,1,1,19290,NA,NA,NA,NA,NA,NA,2,NA,1,NA,2,1,NA,1,NA,NA
32,2023-05-03 05:38:59,2023-05-03 05:43:42,0,204.242.180.75,100,282,1,2023-05-03 05:43:43,R_2sRSqWWAf03aqvN,,,,,40.7265,-74.1782,anonymous,EN,1,,0,0,1582-10-14,1,1,1,NA,1,1,2,1,1,5,3,4,2,1,3,5,1,1,1,4,1,5,3,2,80,80,1,2,2,5,NA,NA,NA,NA,NA,NA,1,NA,NA,1,3,17,2,2,97421,NA,NA,NA,NA,NA,2,NA,NA,1,2,NA,1,NA,NA,NA,1
33,2023-05-03 05:40:26,2023-05-03 05:43:43,0,63.92.66.175,100,196,1,2023-05-03 05:43:43,R_PC0AbJUOme2geAN,,,,,28.5436,-81.3738,anonymous,EN,1,,0,25,1582-10-14,1,1,2,NA,4,4,4,3,3,4,5,1,3,2,3,1,2,2,1,2,3,5,1,4,50,40,3,2,2,2,NA,NA,NA,NA,NA,NA,1,NA,NA,1,4,15,1,2,94665,NA,NA,NA,NA,2,NA,NA,NA,1,NA,2,1,NA,NA,NA,1
34,2023-05-03 05:38:52,2023-05-03 05:43:49,0,63.92.67.31,100,297,1,2023-05-03 05:43:50,R_2BswehUJM5OQ4uE,,,,,28.5436,-81.3738,anonymous,EN,0.800000011920929,,0,25,1582-10-14,1,3,NA,1,2,1,2,2,1,2,1,3,5,4,2,3,2,2,2,3,2,4,5,1,64,40,3,3,2,2,NA,NA,NA,NA,NA,NA,1,NA,NA,2,4,22,2,2,84759,NA,NA,NA,NA,NA,NA,2,NA,1,2,NA,1,NA,NA,NA,1
35,2023-05-03 05:40:09,2023-05-03 05:43:50,0,208.195.185.221,100,220,1,2023-05-03 05:43:50,R_3M0xTKmvdErg8h1,,,,,40.8023,-73.7329,anonymous,EN,1,,0,40,1582-10-14,1,3,NA,1,2,2,2,2,2,5,3,4,2,1,3,3,3,3,3,1,4,5,3,2,65,65,3,3,1,1,1,NA,NA,NA,NA,NA,NA,NA,NA,2,1,15,2,1,89089,NA,NA,2,NA,NA,NA,NA,NA,1,NA,2,1,1,NA,NA,NA
36,2023-05-03 05:41:43,2023-05-03 05:43:56,0,63.92.70.22,100,132,1,2023-05-03 05:43:56,R_2X66SZLroJTe5bS,,,,,41.9032,-87.6383,anonymous,EN,1,,0,55,1582-10-14,1,1,1,NA,3,1,2,2,2,2,4,3,1,5,1,3,2,2,2,3,2,1,5,4,63,75,2,3,2,1,NA,NA,NA,NA,NA,NA,1,NA,NA,2,3,8,2,2,82801,NA,NA,NA,NA,2,NA,NA,NA,1,2,NA,1,NA,NA,NA,1
37,2023-05-03 05:42:03,2023-05-03 05:44:01,0,207.228.52.19,100,117,1,2023-05-03 05:44:01,R_3KJXdXGjLaiW2Zp,,,,,38.5753,-90.2651,anonymous,EN,0.899999976158142,,0,10,1582-10-14,1,3,NA,2,3,2,2,3,1,2,4,1,3,5,4,3,4,5,5,2,1,4,3,5,55,74,3,4,2,3,NA,NA,NA,NA,NA,NA,1,NA,NA,1,3,13,1,1,40106,NA,NA,NA,NA,2,NA,NA,NA,1,NA,2,1,NA,NA,NA,1
38,2023-05-03 05:40:42,2023-05-03 05:44:02,0,208.195.183.25,100,199,1,2023-05-03 05:44:03,R_1FfcO7SrtHMKuqg,,,,,40.8023,-73.7329,anonymous,EN,0.899999976158142,,0,30,1582-10-14,1,2,1,NA,2,3,3,3,2,3,2,5,4,1,2,3,2,2,3,5,3,1,2,4,70,70,2,2,2,2,NA,NA,NA,NA,NA,NA,1,NA,NA,2,1,15,1,2,14727,NA,NA,NA,2,NA,NA,NA,NA,1,2,NA,1,NA,1,NA,NA
39,2023-05-03 05:39:48,2023-05-03 05:44:04,0,208.202.236.164,100,255,1,2023-05-03 05:44:05,R_RbiNztej0DqGqSl,,,,,26.2462,-80.2652,anonymous,EN,0.899999976158142,,0,0,1582-10-14,1,2,2,NA,1,1,4,1,2,2,5,1,4,3,1,1,2,2,2,2,4,3,5,1,77,77,2,2,2,2,NA,NA,NA,NA,NA,NA,1,NA,NA,1,3,12,2,2,18179,NA,NA,NA,NA,2,NA,NA,NA,1,NA,2,1,1,NA,NA,NA
40,2023-05-03 05:41:58,2023-05-03 05:44:09,0,192.126.163.40,100,130,1,2023-05-03 05:44:09,R_3F58aoogqNuS08z,,,,,47.63,-122.2972,anonymous,EN,0.800000011920929,,0,105,1582-10-14,1,2,1,NA,1,2,1,1,2,1,2,3,5,4,1,1,1,2,2,1,3,4,5,2,71,61,1,2,1,2,NA,1,NA,NA,NA,NA,NA,NA,NA,2,1,15,2,2,24428,NA,NA,2,NA,NA,NA,NA,NA,1,2,NA,1,NA,NA,NA,1
41,2023-05-03 05:39:59,2023-05-03 05:44:13,0,23.135.40.54,100,253,1,2023-05-03 05:44:13,R_sYFfOKZoaU5za2B,,,,,37.4612,-77.395,anonymous,EN,1,,0,0,1582-10-14,1,1,1,NA,3,1,2,2,3,4,1,2,3,5,1,1,1,2,2,5,1,4,3,2,94,92,1,2,1,2,NA,NA,1,NA,NA,NA,NA,NA,NA,2,4,30,1,2,89112,NA,NA,NA,NA,NA,2,NA,NA,1,2,NA,1,NA,1,NA,NA
42,2023-05-03 05:39:14,2023-05-03 05:44:15,0,208.196.124.244,100,300,1,2023-05-03 05:44:15,R_3p8WSUukjXke7AH,,,,,26.3051,-80.2447,anonymous,EN,NA,,0,0,1582-10-14,1,1,1,NA,5,5,4,5,4,3,1,5,4,2,2,5,2,1,1,2,5,4,1,3,100,77,1,1,1,3,NA,NA,NA,NA,NA,NA,1,NA,NA,2,3,13,2,2,94811,NA,2,NA,NA,NA,NA,NA,NA,1,2,NA,1,NA,1,NA,NA
43,2023-05-03 05:39:31,2023-05-03 05:44:34,0,209.20.206.130,100,303,1,2023-05-03 05:44:34,R_1hFEcupLWCuS0rA,,,,,38.7893,-104.8221,anonymous,EN,0.300000011920929,,0,25,1582-10-14,1,2,1,NA,1,2,4,2,2,3,5,1,4,2,2,3,2,2,3,3,4,5,1,2,81,64,2,2,2,2,NA,NA,NA,NA,NA,NA,1,NA,NA,1,3,15,2,2,70761,NA,NA,2,NA,NA,NA,NA,NA,1,NA,2,1,1,NA,NA,NA
44,2023-05-03 05:39:03,2023-05-03 05:44:44,0,208.194.202.29,100,340,1,2023-05-03 05:44:44,R_3ltMnvoYTpHzCcs,,,,,40.7304,-74.2727,anonymous,EN,0.899999976158142,,0,30,1582-10-14,1,2,1,NA,2,2,1,1,2,5,1,3,2,4,3,4,3,2,1,4,3,5,2,1,92,92,2,2,2,4,NA,NA,NA,NA,NA,NA,1,NA,NA,2,2,15,2,2,39606,NA,NA,NA,NA,NA,2,NA,NA,1,NA,2,1,NA,NA,1,NA
45,2023-05-03 05:42:51,2023-05-03 05:44:45,0,208.195.187.56,100,114,1,2023-05-03 05:44:46,R_2Evp3xVmu4A1rAl,,,,,40.8023,-73.7329,anonymous,EN,1,,0,30,1582-10-14,1,2,1,NA,2,1,3,2,3,1,5,2,4,3,3,2,2,1,2,4,2,3,5,1,61,41,2,2,2,3,NA,NA,NA,NA,NA,NA,1,NA,NA,2,1,17,2,1,17716,NA,NA,NA,NA,NA,2,NA,NA,1,NA,2,1,NA,NA,NA,1
46,2023-05-03 05:38:40,2023-05-03 05:44:48,0,121.91.230.207,100,368,1,2023-05-03 05:44:49,R_3G3AF56qL25qEYf,,,,,39.0064,-77.4199,anonymous,EN,0.899999976158142,,0,25,1582-10-14,1,1,1,NA,2,2,3,2,2,4,2,5,3,1,1,2,1,2,1,5,3,1,2,4,90,100,2,2,3,4,NA,NA,NA,NA,NA,NA,1,NA,NA,1,4,43,1,2,30763,NA,NA,NA,2,NA,NA,NA,NA,1,2,NA,1,1,NA,NA,NA
47,2023-05-03 05:41:20,2023-05-03 05:44:56,0,104.219.237.41,100,215,1,2023-05-03 05:44:56,R_3CPkTG5V6fHuKAF,,,,,37.751,-97.822,anonymous,EN,0.800000011920929,,0,25,1582-10-14,1,1,1,NA,2,2,2,1,2,5,4,3,2,1,3,4,1,1,1,1,4,2,3,5,80,81,2,2,2,2,NA,NA,NA,NA,NA,NA,1,NA,NA,2,3,27,2,2,87288,NA,NA,NA,NA,NA,2,NA,NA,1,2,NA,1,NA,NA,1,NA
48,2023-05-03 05:38:31,2023-05-03 05:44:58,0,216.93.22.165,100,386,1,2023-05-03 05:44:58,R_2Yu065qhsyXQo57,,,,,42.7811,-71.2156,anonymous,EN,0.899999976158142,,0,0,1582-10-14,1,3,NA,3,3,2,2,2,2,2,4,3,1,5,2,3,2,3,3,3,1,2,4,5,60,55,2,2,3,2,NA,NA,NA,NA,NA,NA,1,NA,NA,2,3,7,3,2,26637,NA,2,NA,NA,NA,NA,NA,NA,1,NA,2,1,1,NA,NA,NA
49,2023-05-03 05:43:56,2023-05-03 05:45:02,0,208.195.184.4,100,66,1,2023-05-03 05:45:02,R_28zGKWZrGecDrSN,,,,,40.8023,-73.7329,anonymous,EN,0.899999976158142,,0,30,1582-10-14,1,2,1,NA,2,2,1,1,1,4,1,3,5,2,2,1,2,1,1,1,3,4,5,2,76,85,1,2,1,2,NA,NA,1,NA,NA,NA,NA,NA,NA,1,4,18,1,1,45574,NA,NA,NA,NA,NA,NA,2,NA,1,2,NA,1,NA,1,NA,NA
50,2023-05-03 05:41:44,2023-05-03 05:45:04,0,208.196.107.190,100,199,1,2023-05-03 05:45:04,R_agvXNOtwxNxtuEh,,,,,26.3477,-80.1094,anonymous,EN,1,,0,0,1582-10-14,1,3,NA,1,2,2,2,2,2,5,3,1,2,4,1,2,2,1,1,2,3,1,4,5,100,100,2,3,2,2,NA,NA,NA,NA,NA,NA,1,NA,NA,1,4,13,1,1,59622,NA,NA,2,NA,NA,NA,NA,NA,1,NA,2,1,NA,NA,NA,1
51,2023-05-03 05:40:06,2023-05-03 05:45:24,0,156.236.76.115,100,318,1,2023-05-03 05:45:25,R_3OlbueHxTykOTnG,,,,,34.0899,-118.0871,anonymous,EN,0.800000011920929,,0,25,1582-10-14,1,2,1,NA,1,1,1,1,1,3,4,2,1,5,1,5,1,1,1,3,5,4,2,1,90,100,1,2,1,1,NA,NA,NA,NA,NA,NA,1,NA,NA,1,4,16,2,2,38213,NA,NA,NA,NA,NA,2,NA,NA,1,NA,2,1,NA,1,NA,NA
52,2023-05-03 05:42:26,2023-05-03 05:45:36,0,168.158.127.64,100,189,1,2023-05-03 05:45:37,R_3EHlKBbqRiUgB7i,,,,,42.0669,-83.2694,anonymous,EN,0.899999976158142,,0,30,1582-10-14,1,2,1,NA,2,2,NA,1,2,3,1,4,2,5,2,2,3,3,1,1,4,5,3,2,76,75,3,2,2,3,NA,NA,NA,NA,NA,NA,1,NA,NA,2,4,9,1,1,90242,NA,2,NA,NA,NA,NA,NA,NA,1,NA,2,1,NA,1,NA,NA
53,2023-05-03 05:44:14,2023-05-03 05:45:48,0,208.195.179.37,100,94,1,2023-05-03 05:45:49,R_VHWba1wQC6jm4Ol,,,,,40.8023,-73.7329,anonymous,EN,1,,0,30,1582-10-14,1,2,1,NA,2,3,3,3,2,1,3,5,4,2,2,2,2,2,2,3,5,1,2,4,74,74,2,2,2,2,NA,NA,NA,NA,NA,NA,1,NA,NA,2,1,15,2,2,59167,NA,2,NA,NA,NA,NA,NA,NA,1,2,NA,1,NA,1,NA,NA
54,2023-05-03 05:43:59,2023-05-03 05:46:08,0,208.194.213.92,100,128,1,2023-05-03 05:46:08,R_1JJ7LFnaHqW5QKy,,,,,29.7646,-95.3657,anonymous,EN,1,,0,30,1582-10-14,1,1,2,NA,1,2,2,2,2,3,4,5,1,2,1,3,1,2,1,5,4,3,1,2,88,84,2,1,1,4,NA,NA,NA,NA,NA,NA,1,NA,NA,2,3,5,2,2,78363,NA,NA,NA,NA,NA,NA,2,NA,1,2,NA,1,NA,NA,NA,1
55,2023-05-03 05:42:21,2023-05-03 05:46:28,0,208.194.199.232,100,247,1,2023-05-03 05:46:29,R_2ysJU8YA9Zkfpy6,,,,,39.6102,-75.6747,anonymous,EN,1,,0,30,1582-10-14,1,2,1,NA,1,2,1,1,2,3,1,5,2,4,1,2,2,1,1,1,3,2,5,4,85,86,1,2,1,3,NA,NA,1,NA,NA,NA,NA,NA,NA,1,4,18,1,1,81299,NA,NA,NA,NA,NA,2,NA,NA,1,2,NA,1,NA,NA,NA,1
56,2023-05-03 05:44:34,2023-05-03 05:46:30,0,192.126.170.67,100,116,1,2023-05-03 05:46:31,R_1r6LHFnMJJmx79D,,,,,47.63,-122.2972,anonymous,EN,0.899999976158142,,0,105,1582-10-14,1,3,NA,2,1,2,1,2,1,1,2,3,4,5,1,2,1,1,2,1,2,4,3,5,74,78,1,2,1,2,NA,1,NA,NA,NA,NA,NA,NA,NA,2,1,19,2,2,88557,2,NA,NA,NA,NA,NA,NA,NA,1,2,NA,1,NA,NA,1,NA
57,2023-05-03 05:40:32,2023-05-03 05:46:34,0,208.195.174.212,100,362,1,2023-05-03 05:46:35,R_1hQjYSsPIC7PJ5F,,,,,41.0641,-73.548,anonymous,EN,0.899999976158142,,0,30,1582-10-14,1,1,1,NA,2,2,2,2,2,5,1,2,3,4,3,3,1,2,1,1,3,4,2,5,86,83,2,2,2,1,NA,NA,NA,NA,NA,NA,1,NA,NA,1,3,8,1,2,52683,NA,NA,NA,NA,NA,NA,2,NA,1,2,NA,1,NA,NA,NA,1
58,2023-05-03 05:43:15,2023-05-03 05:46:38,0,204.242.180.8,100,202,1,2023-05-03 05:46:38,R_yxoqifui6DPsUzT,,,,,40.7265,-74.1782,anonymous,EN,1,,0,0,1582-10-14,1,2,1,NA,2,1,1,1,2,2,1,3,5,4,1,1,2,2,1,3,1,2,4,5,100,100,1,2,1,1,NA,NA,NA,NA,NA,NA,1,NA,NA,1,1,15,1,1,85847,NA,NA,NA,NA,NA,NA,NA,2,1,2,NA,1,NA,NA,NA,1
59,2023-05-03 05:45:18,2023-05-03 05:46:39,0,192.126.228.14,100,80,1,2023-05-03 05:46:39,R_2OH1PBmTl6XQU9h,,,,,47.6784,-122.1857,anonymous,EN,0.400000005960464,,0,125,1582-10-14,1,1,1,NA,5,4,5,5,4,1,2,3,5,4,4,5,5,4,5,2,1,3,4,5,100,100,5,4,2,2,1,1,1,1,1,1,1,1,1,1,3,18,1,1,75829,NA,NA,NA,NA,NA,2,NA,NA,1,NA,2,1,1,NA,NA,NA
60,2023-05-03 05:40:56,2023-05-03 05:46:40,0,97.118.83.32,100,344,1,2023-05-03 05:46:41,R_3qNLv4XTJ0TfCVW,,,,,39.7501,-104.9957,anonymous,EN,1,,0,0,1582-10-14,1,3,NA,1,2,1,4,2,2,1,3,2,5,4,4,4,3,4,4,1,3,4,2,5,55,50,2,1,1,2,NA,NA,NA,NA,NA,NA,1,NA,NA,1,2,19,2,2,76687,NA,NA,NA,2,NA,NA,NA,NA,1,NA,2,1,NA,1,NA,NA
61,2023-05-03 05:40:08,2023-05-03 05:46:44,0,207.246.67.29,100,395,1,2023-05-03 05:46:44,R_1eJJqcofg6aUtRb,,,,,25.8119,-80.2318,anonymous,EN,0.899999976158142,,0,35,1582-10-14,1,2,1,NA,2,1,2,2,1,5,2,3,1,4,2,3,2,3,3,3,2,1,5,4,74,67,2,2,2,3,NA,NA,NA,NA,NA,NA,1,NA,NA,2,3,27,2,2,67687,NA,NA,NA,NA,NA,NA,NA,2,1,2,NA,1,NA,1,NA,NA
62,2023-05-03 05:41:44,2023-05-03 05:46:55,0,208.194.207.63,100,311,1,2023-05-03 05:46:56,R_31o3QjXr9Npm9Ro,,,,,40.7304,-74.2727,anonymous,EN,0.899999976158142,,0,30,1582-10-14,1,1,1,NA,2,1,2,1,2,1,4,5,2,3,2,2,1,2,1,5,3,4,1,2,61,84,2,2,2,2,NA,NA,NA,NA,NA,NA,1,NA,NA,2,1,18,1,2,14147,NA,NA,NA,NA,NA,NA,NA,2,1,2,NA,1,1,NA,NA,NA
63,2023-05-03 05:43:24,2023-05-03 05:47:00,0,121.91.230.109,100,216,1,2023-05-03 05:47:01,R_2yjzOBL5JszYP84,,,,,39.0064,-77.4199,anonymous,EN,1,,0,85,1582-10-14,1,1,1,NA,2,2,2,1,2,4,2,5,3,1,2,2,3,2,1,2,1,3,5,4,65,75,2,2,2,4,NA,NA,NA,NA,NA,NA,1,NA,NA,1,3,28,1,2,43371,NA,NA,NA,2,NA,NA,NA,NA,1,2,NA,1,NA,NA,1,NA
64,2023-05-03 05:44:34,2023-05-03 05:47:01,0,208.195.182.250,100,146,1,2023-05-03 05:47:02,R_1NxedubRbeZu9tW,,,,,40.8023,-73.7329,anonymous,EN,0.899999976158142,,0,30,1582-10-14,1,3,NA,1,2,2,2,2,2,4,2,5,3,1,3,3,3,3,3,3,1,4,5,2,65,65,3,3,1,1,1,NA,NA,NA,NA,NA,NA,NA,NA,2,1,15,2,1,79917,NA,NA,NA,2,NA,NA,NA,NA,1,NA,2,1,NA,1,NA,NA
65,2023-05-03 05:43:31,2023-05-03 05:47:02,0,208.196.107.192,100,211,1,2023-05-03 05:47:02,R_ag9QFNRPYUq3TUd,,,,,26.3477,-80.1094,anonymous,EN,0.899999976158142,,0,0,1582-10-14,1,3,NA,2,2,3,3,2,2,2,3,5,1,4,2,4,3,2,4,4,5,3,2,1,30,88,3,2,3,3,NA,NA,NA,NA,NA,NA,1,NA,NA,1,3,13,1,1,98539,NA,NA,NA,NA,2,NA,NA,NA,1,2,NA,1,NA,1,NA,NA
66,2023-05-03 05:45:12,2023-05-03 05:47:06,0,208.195.191.45,100,114,1,2023-05-03 05:47:07,R_2Bn9CAHylEblYoU,,,,,40.8023,-73.7329,anonymous,EN,1,,0,30,1582-10-14,1,2,1,NA,1,3,3,2,2,3,1,5,4,2,3,4,2,2,2,2,4,1,5,3,68,84,2,2,2,2,NA,NA,NA,NA,NA,NA,1,NA,NA,2,1,15,2,2,90056,NA,NA,NA,2,NA,NA,NA,NA,1,2,NA,1,NA,NA,1,NA
67,2023-05-03 05:39:56,2023-05-03 05:47:07,0,208.195.169.106,100,430,1,2023-05-03 05:47:07,R_3jYYxMTDKD9mF5I,,,,,40.8023,-73.7329,anonymous,EN,0.899999976158142,,0,30,1582-10-14,1,2,1,NA,1,1,1,1,1,3,2,1,4,5,1,1,1,1,1,4,2,5,3,1,100,100,1,1,1,1,NA,1,NA,NA,NA,NA,NA,NA,NA,2,1,13,2,2,47299,NA,NA,NA,NA,NA,NA,2,NA,1,NA,2,1,NA,NA,NA,1
68,2023-05-03 05:41:57,2023-05-03 05:47:13,0,176.102.123.21,100,315,1,2023-05-03 05:47:13,R_6FEEC1yqIjgBsiZ,,,,,39.018,-77.539,anonymous,EN,0.800000011920929,,0,25,1582-10-14,1,2,1,NA,4,3,3,5,3,2,1,4,5,3,3,1,3,2,2,1,2,3,4,5,47,28,3,4,2,3,1,NA,NA,NA,NA,NA,NA,NA,NA,2,4,7,2,2,31978,NA,NA,NA,NA,2,NA,NA,NA,1,2,NA,1,NA,NA,NA,1
69,2023-05-03 05:43:01,2023-05-03 05:47:14,0,157.254.195.79,100,252,1,2023-05-03 05:47:14,R_3j7D6exrS8Y1dHb,,,,,41.2182,-73.8911,anonymous,EN,0.899999976158142,,0,85,1582-10-14,1,1,1,NA,3,3,3,2,2,3,4,1,2,5,3,3,2,2,2,4,1,3,5,2,76,61,3,3,3,3,NA,NA,NA,NA,NA,NA,1,NA,NA,1,3,18,2,2,30584,NA,2,NA,NA,NA,NA,NA,NA,1,NA,2,1,1,NA,NA,NA
70,2023-05-03 05:45:27,2023-05-03 05:47:15,0,140.82.30.101,100,108,1,2023-05-03 05:47:15,R_1Fz9V31VlU18Voc,,,,,25.8119,-80.2318,anonymous,EN,0.899999976158142,,0,25,1582-10-14,1,1,1,NA,1,2,1,1,2,5,1,4,2,3,3,4,2,1,1,3,4,1,5,2,81,90,2,2,2,2,NA,NA,NA,NA,NA,NA,1,NA,NA,1,3,28,2,2,74690,NA,NA,NA,NA,2,NA,NA,NA,1,NA,2,1,NA,1,NA,NA
71,2023-05-03 05:40:09,2023-05-03 05:47:18,0,208.196.126.159,100,429,1,2023-05-03 05:47:19,R_21nTeDr4cS3VYyW,,,,,26.3051,-80.2447,anonymous,EN,1,,0,0,1582-10-14,1,1,1,NA,2,3,2,2,2,4,5,1,3,2,2,2,2,2,2,1,3,2,5,4,90,80,2,2,2,4,NA,NA,NA,NA,NA,NA,1,NA,NA,1,3,16,2,2,79535,NA,NA,NA,NA,NA,NA,NA,2,1,2,NA,1,NA,NA,NA,1
72,2023-05-03 05:39:36,2023-05-03 05:47:20,0,24.95.181.46,100,463,1,2023-05-03 05:47:20,R_2ccQSh6W69DnR6W,,,,,38.4736,-82.6413,anonymous,EN,1,,0,0,1582-10-14,1,2,1,NA,5,4,2,1,2,4,2,1,5,3,4,4,3,4,4,5,2,3,1,4,55,30,2,3,5,2,NA,NA,NA,NA,NA,NA,1,NA,NA,2,3,34,2,2,82496,NA,NA,NA,NA,NA,NA,NA,2,1,NA,2,1,NA,NA,1,NA
73,2023-05-03 05:44:43,2023-05-03 05:47:37,0,208.195.161.20,100,173,1,2023-05-03 05:47:37,R_2wnJSCKDnB5Fx0s,,,,,39.8079,-86.0949,anonymous,EN,0.899999976158142,,0,0,1582-10-14,1,1,2,NA,2,2,2,3,3,3,4,2,1,5,2,2,3,3,1,2,4,5,1,3,54,64,2,2,2,2,NA,NA,NA,NA,NA,NA,1,NA,NA,1,4,25,1,2,76382,NA,NA,NA,NA,2,NA,NA,NA,1,NA,2,1,NA,NA,1,NA
74,2023-05-03 05:41:49,2023-05-03 05:47:37,0,45.119.210.59,100,348,1,2023-05-03 05:47:37,R_22zudZ1FJyBrjib,,,,,42.9297,-78.7434,anonymous,EN,0.899999976158142,,0,45,1582-10-14,1,1,1,NA,3,3,2,1,1,1,3,2,5,4,2,3,3,2,2,1,3,2,4,5,83,92,2,1,3,3,NA,NA,NA,NA,NA,NA,1,NA,NA,1,3,20,2,2,39896,NA,2,NA,NA,NA,NA,NA,NA,1,NA,2,1,NA,NA,NA,1
75,2023-05-03 05:44:05,2023-05-03 05:47:37,0,208.194.207.159,100,212,1,2023-05-03 05:47:38,R_22qYFJ0wq8kcYjA,,,,,40.7304,-74.2727,anonymous,EN,1,,0,30,1582-10-14,1,1,2,NA,2,1,2,2,2,2,1,3,5,4,2,3,1,1,2,3,5,1,2,4,74,81,1,2,1,4,NA,NA,NA,NA,NA,NA,1,NA,NA,2,3,33,2,2,94293,NA,NA,2,NA,NA,NA,NA,NA,1,2,NA,1,NA,1,NA,NA
76,2023-05-03 05:44:50,2023-05-03 05:47:37,0,208.202.238.75,100,167,1,2023-05-03 05:47:38,R_24iWIEd8nwsmizO,,,,,26.2462,-80.2652,anonymous,EN,1,,0,0,1582-10-14,1,2,2,NA,1,2,5,2,1,3,5,4,1,2,3,1,1,3,2,4,3,5,1,2,83,83,2,2,1,2,NA,NA,NA,NA,NA,NA,1,NA,NA,1,4,NA,2,2,46843,NA,2,NA,NA,NA,NA,NA,NA,1,NA,2,1,NA,1,NA,NA
77,2023-05-03 05:43:59,2023-05-03 05:47:46,0,208.195.162.70,100,227,1,2023-05-03 05:47:47,R_3lM3tXPpCkQpfEp,,,,,39.8079,-86.0949,anonymous,EN,1,,0,0,1582-10-14,1,1,1,NA,3,3,2,3,2,3,1,2,5,4,2,3,2,2,2,1,3,4,5,2,87,85,2,2,2,2,NA,NA,NA,NA,NA,NA,1,NA,NA,1,3,16,2,NA,56943,NA,NA,2,NA,NA,NA,NA,NA,1,NA,2,1,NA,NA,NA,1
78,2023-05-03 05:45:38,2023-05-03 05:47:47,0,208.195.183.130,100,128,1,2023-05-03 05:47:47,R_3fUzXjzjYDVbcnx,,,,,40.8023,-73.7329,anonymous,EN,1,,0,30,1582-10-14,1,2,1,NA,2,2,2,1,1,1,3,5,4,2,1,3,2,1,2,2,3,5,4,1,95,84,2,2,2,2,NA,NA,NA,NA,NA,NA,1,NA,NA,2,2,15,1,2,43753,NA,NA,NA,NA,NA,NA,NA,2,1,2,NA,1,NA,1,NA,NA
79,2023-05-03 05:45:34,2023-05-03 05:47:54,0,208.202.238.10,100,140,1,2023-05-03 05:47:55,R_2EsnWNKuxaxWJMn,,,,,26.2462,-80.2652,anonymous,EN,1,,0,0,1582-10-14,1,3,NA,1,1,2,1,2,2,4,1,5,2,3,1,1,1,1,1,3,1,5,4,2,100,100,2,1,2,2,NA,NA,NA,NA,NA,NA,1,NA,NA,1,4,13,2,2,77055,NA,2,NA,NA,NA,NA,NA,NA,1,NA,2,1,NA,1,NA,NA
80,2023-05-03 05:43:15,2023-05-03 05:48:00,0,208.195.167.96,100,285,1,2023-05-03 05:48:01,R_10wS1SpymvgRFyB,,,,,39.8079,-86.0949,anonymous,EN,0.899999976158142,,0,0,1582-10-14,1,3,NA,2,1,2,2,2,1,5,4,3,1,2,1,2,2,1,1,4,5,3,1,2,80,89,2,2,2,4,NA,NA,NA,NA,NA,NA,1,NA,NA,1,4,12,2,2,82523,NA,NA,NA,NA,NA,2,NA,NA,1,NA,2,1,NA,NA,1,NA
81,2023-05-03 05:43:08,2023-05-03 05:48:00,0,185.253.96.178,100,292,1,2023-05-03 05:48:01,R_2Eoa9IxbdhiFE4n,,,,,52.3109,4.9453,anonymous,EN,0.899999976158142,,0,135,1582-10-14,1,1,1,NA,2,1,2,2,1,2,5,1,4,3,3,2,3,2,3,2,1,4,3,5,72,74,3,2,2,2,NA,NA,NA,NA,NA,NA,1,NA,NA,2,3,8,1,2,94973,NA,NA,NA,NA,NA,2,NA,NA,1,NA,2,1,NA,NA,1,NA
82,2023-05-03 05:45:40,2023-05-03 05:48:08,0,45.63.110.137,100,147,1,2023-05-03 05:48:09,R_23Vr7ZgQeq0f86S,,,,,25.8119,-80.2318,anonymous,EN,0.800000011920929,,0,25,1582-10-14,1,1,1,NA,2,1,2,3,2,2,4,5,1,3,2,3,1,2,1,1,2,3,5,4,74,65,2,2,2,3,NA,NA,NA,NA,NA,NA,NA,NA,NA,1,3,27,2,2,52968,NA,2,NA,NA,NA,NA,NA,NA,1,2,NA,1,NA,NA,1,NA
83,2023-05-03 05:43:29,2023-05-03 05:48:12,0,206.82.7.155,100,283,1,2023-05-03 05:48:13,R_3hAcOTM9E5tHRma,,,,,37.751,-97.822,anonymous,EN,0.800000011920929,,0,25,1582-10-14,1,1,2,NA,4,3,1,3,2,3,5,2,1,4,3,4,2,1,1,5,3,4,2,1,55,73,2,3,2,3,NA,NA,NA,NA,NA,NA,1,NA,NA,1,4,42,2,2,14192,NA,NA,NA,NA,2,NA,NA,NA,1,NA,2,1,NA,NA,1,NA
84,2023-05-03 05:46:34,2023-05-03 05:48:32,0,208.194.207.95,100,117,1,2023-05-03 05:48:32,R_3kCapD6vbuHNiRL,,,,,40.7304,-74.2727,anonymous,EN,1,,0,30,1582-10-14,1,2,1,NA,2,2,3,2,3,4,1,3,5,2,2,2,3,3,3,2,1,5,3,4,75,71,2,2,2,2,NA,NA,NA,NA,NA,NA,1,NA,NA,2,1,15,2,2,59265,NA,NA,NA,NA,NA,2,NA,NA,1,2,NA,1,NA,NA,NA,1
85,2023-05-03 05:39:21,2023-05-03 05:48:33,0,204.242.180.138,100,551,1,2023-05-03 05:48:33,R_TcSYKpaDUfDuCjL,,,,,40.7265,-74.1782,anonymous,EN,1,,0,0,1582-10-14,1,1,1,NA,2,3,2,2,2,1,2,3,4,5,4,4,3,3,3,2,3,1,5,4,69,72,3,3,2,2,NA,NA,NA,1,NA,NA,NA,NA,NA,2,3,35,1,NA,97161,2,NA,NA,NA,NA,NA,NA,NA,1,NA,2,1,NA,NA,NA,1
86,2023-05-03 05:40:21,2023-05-03 05:48:45,0,208.194.207.60,100,504,1,2023-05-03 05:48:46,R_qwmIxbEllEL0bM5,,,,,40.7304,-74.2727,anonymous,EN,0.899999976158142,,0,30,1582-10-14,1,1,1,NA,2,1,2,1,2,1,3,5,2,4,2,1,2,1,2,3,4,1,5,2,71,80,1,2,2,1,NA,NA,NA,NA,NA,NA,1,NA,NA,2,1,16,2,2,18031,NA,NA,NA,NA,NA,NA,2,NA,1,NA,2,1,NA,1,NA,NA
87,2023-05-03 05:47:33,2023-05-03 05:48:46,0,208.194.192.130,100,73,1,2023-05-03 05:48:46,R_1FLnKQOAVz0J8G8,,,,,38.663,-75.2443,anonymous,EN,1,,0,30,1582-10-14,1,2,1,NA,1,1,2,2,1,1,5,3,2,4,2,1,2,1,1,2,5,3,1,4,86,85,1,2,1,2,NA,NA,1,NA,NA,NA,NA,NA,NA,1,4,18,1,1,33978,2,NA,NA,NA,NA,NA,NA,NA,1,NA,2,1,NA,NA,NA,1
88,2023-05-03 05:43:21,2023-05-03 05:48:49,0,208.194.214.104,100,327,1,2023-05-03 05:48:50,R_1OjJ3E4H2iRzED4,,,,,41.9853,-71.5184,anonymous,EN,1,,0,30,1582-10-14,1,2,1,NA,2,2,2,2,2,2,1,3,5,4,2,2,2,2,2,1,3,5,4,2,86,84,2,2,4,2,NA,NA,NA,NA,NA,NA,1,NA,NA,1,1,16,1,1,90880,NA,NA,2,NA,NA,NA,NA,NA,1,2,NA,1,NA,1,NA,NA
89,2023-05-03 05:46:43,2023-05-03 05:48:53,0,216.49.255.57,100,130,1,2023-05-03 05:48:54,R_wM0QX85ROa6ysgx,,,,,37.1461,-94.4753,anonymous,EN,1,,0,0,1582-10-14,1,2,1,NA,2,2,3,2,2,4,1,2,3,5,5,3,4,2,4,4,2,5,1,3,22,44,4,2,4,3,NA,NA,NA,NA,NA,NA,1,NA,NA,1,4,13,1,1,64963,NA,NA,NA,NA,2,NA,NA,NA,1,2,NA,1,NA,NA,1,NA
90,2023-05-03 05:46:50,2023-05-03 05:49:04,0,176.102.123.14,100,133,1,2023-05-03 05:49:04,R_1mWxzC9fmf2JjkH,,,,,39.018,-77.539,anonymous,EN,0.800000011920929,,0,25,1582-10-14,1,2,1,NA,2,1,2,1,2,5,2,1,3,4,2,2,2,1,1,1,4,5,2,3,74,84,2,2,2,2,NA,NA,NA,NA,NA,NA,1,NA,NA,2,4,13,2,1,70313,NA,NA,NA,NA,NA,NA,2,NA,1,NA,2,1,1,NA,NA,NA
91,2023-05-03 05:45:32,2023-05-03 05:49:04,0,208.195.181.169,100,212,1,2023-05-03 05:49:05,R_PA8jsdyP7dtcMYF,,,,,40.8023,-73.7329,anonymous,EN,1,,0,30,1582-10-14,1,2,1,NA,2,2,2,2,2,4,1,2,3,5,2,2,2,2,2,4,5,2,1,3,86,88,2,2,4,2,NA,NA,NA,NA,NA,NA,1,NA,NA,1,1,15,1,2,75749,NA,2,NA,NA,NA,NA,NA,NA,1,2,NA,1,1,NA,NA,NA
92,2023-05-03 05:47:54,2023-05-03 05:49:13,0,192.126.228.248,100,79,1,2023-05-03 05:49:14,R_2do4TwerKRgxOom,,,,,47.6784,-122.1857,anonymous,EN,0.400000005960464,,0,125,1582-10-14,1,2,1,NA,5,4,4,5,5,1,4,2,3,5,5,5,5,4,4,3,1,5,2,4,100,100,5,4,2,2,1,1,1,1,1,1,1,1,1,1,3,18,1,1,15093,NA,NA,NA,2,NA,NA,NA,NA,1,2,NA,1,NA,NA,NA,1
93,2023-05-03 05:45:18,2023-05-03 05:49:14,0,209.20.200.11,100,235,1,2023-05-03 05:49:14,R_2Vef1tc0YfPN0MO,,,,,40.1215,-75.3269,anonymous,EN,0.100000001490116,,0,25,1582-10-14,1,2,1,NA,1,2,1,2,2,2,1,5,4,3,2,3,2,2,3,5,2,1,3,4,79,50,3,2,2,3,NA,NA,NA,NA,NA,NA,1,NA,NA,2,3,19,2,2,87779,NA,NA,NA,NA,NA,NA,2,NA,1,2,NA,1,NA,NA,1,NA
94,2023-05-03 05:45:56,2023-05-03 05:49:18,0,208.196.123.75,100,202,1,2023-05-03 05:49:19,R_sY8XMN0rLe1xqPT,,,,,26.3051,-80.2447,anonymous,EN,NA,,0,0,1582-10-14,1,3,NA,1,2,1,2,2,1,1,3,4,5,2,1,1,1,2,2,3,4,1,5,2,100,100,2,2,2,2,NA,NA,NA,NA,NA,NA,1,NA,NA,1,4,13,2,2,54669,NA,NA,2,NA,NA,NA,NA,NA,1,NA,2,1,NA,NA,1,NA
95,2023-05-03 05:37:58,2023-05-03 05:49:28,0,8.46.120.140,100,690,1,2023-05-03 05:49:29,R_2tsYbC6Qtj7YCHg,,,,,35.332,-78.9212,anonymous,EN,0.899999976158142,,0,0,1582-10-14,1,1,1,NA,2,2,3,3,2,5,1,2,4,3,2,3,2,1,3,3,5,1,4,2,88,85,2,2,2,2,NA,NA,NA,NA,NA,NA,1,NA,NA,1,2,8,2,2,99718,2,NA,NA,NA,NA,NA,NA,NA,1,NA,2,1,NA,NA,NA,1
96,2023-05-03 05:45:29,2023-05-03 05:49:30,0,96.2.178.58,100,241,1,2023-05-03 05:49:31,R_2PniZHASMzmdOBr,,,,,48.2261,-101.2974,anonymous,EN,1,,0,0,1582-10-14,1,2,1,NA,3,3,1,2,1,2,5,4,1,3,3,2,2,4,3,3,4,1,5,2,80,87,2,1,3,2,NA,NA,NA,NA,NA,NA,1,NA,NA,2,1,31,2,2,91688,2,NA,NA,NA,NA,NA,NA,NA,1,2,NA,1,NA,1,NA,NA
97,2023-05-03 05:45:08,2023-05-03 05:49:39,0,168.158.103.161,100,271,1,2023-05-03 05:49:40,R_3kzv3hmvSEsKfvO,,,,,37.751,-97.822,anonymous,EN,0.899999976158142,,0,30,1582-10-14,1,2,1,NA,4,5,5,4,5,5,4,3,2,1,4,2,5,5,5,2,4,1,5,3,85,80,2,2,2,2,NA,NA,NA,NA,NA,NA,1,NA,NA,2,3,15,2,2,10567,NA,NA,NA,2,NA,NA,NA,NA,1,NA,2,1,NA,NA,1,NA
98,2023-05-03 05:47:57,2023-05-03 05:49:48,0,216.93.3.54,100,111,1,2023-05-03 05:49:49,R_scGKWCDi2YY4RBn,,,,,42.4327,-83.0396,anonymous,EN,0.899999976158142,,0,0,1582-10-14,1,2,1,NA,5,4,5,4,5,5,4,1,2,3,2,2,1,1,1,2,4,5,1,3,91,88,1,1,1,1,NA,NA,NA,NA,NA,NA,1,NA,NA,1,4,15,1,2,87649,NA,NA,NA,NA,2,NA,NA,NA,1,2,NA,1,1,NA,NA,NA
99,2023-05-03 05:48:14,2023-05-03 05:49:59,0,144.202.41.246,100,104,1,2023-05-03 05:49:59,R_1rMH9qLDnpECoKP,,,,,25.8119,-80.2318,anonymous,EN,0.800000011920929,,0,25,1582-10-14,1,1,1,NA,1,1,2,2,2,2,5,4,1,3,3,4,2,1,2,5,1,3,4,2,78,71,2,2,2,2,NA,NA,NA,NA,NA,NA,1,NA,NA,2,3,23,2,2,24518,NA,NA,NA,NA,NA,NA,2,NA,1,NA,2,1,NA,1,NA,NA
100,2023-05-03 05:39:46,2023-05-03 05:50:00,0,68.204.208.53,100,614,1,2023-05-03 05:50:01,R_2tfL30d97lZqvK8,,,,,28.5978,-81.3024,anonymous,EN,0.800000011920929,,0,10,1582-10-14,1,1,1,NA,2,2,4,4,2,5,3,1,4,2,4,4,3,4,4,4,3,2,1,5,14,0,2,2,2,2,NA,NA,NA,NA,NA,NA,1,NA,NA,2,2,45,2,2,13409,NA,NA,2,NA,NA,NA,NA,NA,1,NA,2,1,1,NA,NA,NA
101,2023-05-03 05:48:11,2023-05-03 05:50:04,0,208.194.200.230,100,112,1,2023-05-03 05:50:04,R_3iQYHWxGR5XJLk6,,,,,40.7304,-74.2727,anonymous,EN,1,,0,30,1582-10-14,1,3,NA,1,2,2,2,2,2,3,5,4,1,2,3,3,3,3,3,5,3,2,1,4,65,65,3,3,1,1,1,NA,NA,NA,NA,NA,NA,NA,NA,2,1,15,2,1,87479,NA,NA,NA,2,NA,NA,NA,NA,1,2,NA,1,1,NA,NA,NA
102,2023-05-03 05:48:46,2023-05-03 05:50:09,0,208.194.200.156,100,82,1,2023-05-03 05:50:10,R_Z2lkQGJx8aq6EG5,,,,,40.7304,-74.2727,anonymous,EN,1,,0,30,1582-10-14,1,2,1,NA,2,2,3,3,2,1,5,2,4,3,2,3,2,2,3,1,3,2,4,5,65,66,2,2,3,4,NA,NA,NA,NA,NA,NA,1,NA,NA,2,1,20,2,2,38477,2,NA,NA,NA,NA,NA,NA,NA,1,2,NA,1,NA,NA,NA,1
103,2023-05-03 05:43:37,2023-05-03 05:50:21,0,63.92.66.163,100,403,1,2023-05-03 05:50:21,R_1IixMf3jdbgiubk,,,,,28.5436,-81.3738,anonymous,EN,0.800000011920929,,0,25,1582-10-14,1,1,1,NA,2,2,2,2,2,5,4,3,1,2,2,3,3,2,2,3,5,2,1,4,82,86,2,2,2,2,NA,NA,NA,NA,NA,NA,1,NA,NA,1,3,16,2,2,17223,NA,NA,NA,NA,2,NA,NA,NA,1,NA,2,1,NA,NA,1,NA
104,2023-05-03 05:45:44,2023-05-03 05:50:24,0,208.195.189.140,100,279,1,2023-05-03 05:50:24,R_1GwdDwLOmUwiwLH,,,,,40.8023,-73.7329,anonymous,EN,0.899999976158142,,0,30,1582-10-14,1,2,1,NA,2,1,2,2,1,4,3,2,1,5,2,1,2,2,1,1,3,4,2,5,78,85,2,2,4,2,NA,NA,NA,NA,NA,NA,1,NA,NA,1,1,16,1,2,58408,NA,NA,NA,2,NA,NA,NA,NA,1,NA,2,1,NA,NA,NA,1
105,2023-05-03 05:48:16,2023-05-03 05:50:30,0,208.195.185.112,100,133,1,2023-05-03 05:50:30,R_1PT0vSOqo9IFhBx,,,,,40.8023,-73.7329,anonymous,EN,1,,0,30,1582-10-14,1,2,1,NA,1,2,2,2,1,2,5,1,3,4,1,2,1,2,2,2,5,4,1,3,94,92,4,3,2,4,NA,NA,NA,NA,NA,NA,1,NA,NA,2,2,16,2,2,95707,2,NA,NA,NA,NA,NA,NA,NA,1,NA,2,1,NA,NA,NA,1
106,2023-05-03 05:48:48,2023-05-03 05:50:32,0,208.195.178.159,100,103,1,2023-05-03 05:50:33,R_Q0xPZw178TrsFa1,,,,,40.8023,-73.7329,anonymous,EN,1,,0,30,1582-10-14,1,2,1,NA,5,5,5,5,5,1,5,4,3,2,5,5,5,4,5,1,2,3,4,5,49,52,5,5,2,3,NA,NA,NA,NA,NA,NA,1,NA,NA,1,1,18,1,1,87244,2,NA,NA,NA,NA,NA,NA,NA,1,2,NA,1,NA,NA,1,NA
107,2023-05-03 05:40:06,2023-05-03 05:50:46,0,208.194.204.157,100,640,1,2023-05-03 05:50:47,R_11jchXVWgt8yHvF,,,,,40.7304,-74.2727,anonymous,EN,1,,0,30,1582-10-14,1,1,1,NA,2,2,2,2,2,1,2,5,4,3,2,3,1,2,2,1,3,4,2,5,55,70,2,2,2,2,NA,NA,NA,NA,NA,NA,1,NA,NA,2,3,23,2,2,20038,NA,NA,NA,2,NA,NA,NA,NA,1,2,NA,1,1,NA,NA,NA
108,2023-05-03 05:47:08,2023-05-03 05:50:50,0,204.242.180.91,100,222,1,2023-05-03 05:50:51,R_ST8GDD4PCo9URVf,,,,,40.7265,-74.1782,anonymous,EN,0.899999976158142,,0,0,1582-10-14,1,2,1,NA,2,1,1,2,1,2,3,1,4,5,1,2,2,1,1,5,2,4,3,1,100,100,1,2,1,2,NA,NA,NA,NA,NA,NA,1,NA,NA,1,1,15,1,2,98981,2,NA,NA,NA,NA,NA,NA,NA,1,NA,2,1,NA,1,NA,NA
109,2023-05-03 05:46:10,2023-05-03 05:50:52,0,208.196.96.176,100,282,1,2023-05-03 05:50:52,R_3fy0JK4riGimLeW,,,,,26.3477,-80.1094,anonymous,EN,1,,0,0,1582-10-14,1,3,NA,1,2,2,1,1,2,5,4,1,3,2,2,2,1,2,1,4,2,3,5,1,100,100,2,2,2,2,NA,NA,NA,NA,NA,NA,1,NA,NA,1,4,13,2,2,94046,NA,NA,2,NA,NA,NA,NA,NA,1,2,NA,1,NA,1,NA,NA
110,2023-05-03 05:49:09,2023-05-03 05:51:03,0,208.194.202.95,100,113,1,2023-05-03 05:51:04,R_2TMpJAJxEZxKxkO,,,,,40.7304,-74.2727,anonymous,EN,1,,0,30,1582-10-14,1,2,1,NA,2,2,2,2,2,2,1,3,4,5,4,4,4,4,4,5,3,1,2,4,71,80,4,3,2,3,NA,NA,NA,NA,NA,NA,1,NA,NA,1,1,16,2,2,87465,NA,2,NA,NA,NA,NA,NA,NA,1,NA,2,1,NA,NA,1,NA
111,2023-05-03 05:47:41,2023-05-03 05:51:12,0,208.202.255.43,100,210,1,2023-05-03 05:51:13,R_3L5CrIoBAvokt8y,,,,,40.8485,-96.6247,anonymous,EN,0.899999976158142,,0,0,1582-10-14,1,1,1,NA,2,2,2,2,2,5,4,1,3,2,2,2,2,2,2,3,4,1,5,2,90,80,2,2,2,3,NA,NA,NA,NA,NA,NA,1,NA,NA,1,2,16,2,2,56658,NA,NA,NA,NA,NA,NA,2,NA,1,NA,2,1,1,NA,NA,NA
112,2023-05-03 05:50:09,2023-05-03 05:51:19,0,192.126.226.81,100,70,1,2023-05-03 05:51:20,R_3oQJRsaj23SNrAv,,,,,47.6784,-122.1857,anonymous,EN,0.899999976158142,,0,125,1582-10-14,1,1,1,NA,5,4,5,4,5,5,2,3,4,1,5,4,4,5,5,3,2,4,1,5,97,98,5,4,2,2,1,1,1,1,1,1,1,1,1,1,3,18,1,1,77717,NA,NA,NA,NA,NA,2,NA,NA,1,NA,2,1,NA,NA,1,NA
113,2023-05-03 05:47:15,2023-05-03 05:51:24,0,168.158.124.164,100,249,1,2023-05-03 05:51:25,R_eJMirc9IOjVATFD,,,,,42.4557,-83.6542,anonymous,EN,0.899999976158142,,0,30,1582-10-14,1,3,NA,2,1,1,2,1,1,4,5,3,1,2,1,4,1,1,2,2,4,3,5,1,92,88,1,1,2,3,NA,NA,NA,NA,NA,NA,1,NA,NA,2,3,6,2,2,32735,NA,NA,NA,NA,NA,2,NA,NA,1,NA,2,1,1,NA,NA,NA
114,2023-05-03 05:49:29,2023-05-03 05:51:25,0,208.194.210.237,100,116,1,2023-05-03 05:51:26,R_Rh5RQGMQ5Xq3HuF,,,,,41.9853,-71.5184,anonymous,EN,1,,0,30,1582-10-14,1,1,2,NA,2,1,2,1,1,3,5,1,4,2,1,2,1,2,2,3,4,1,2,5,74,86,1,1,2,3,NA,NA,NA,NA,NA,NA,1,NA,NA,2,3,5,2,2,12103,NA,NA,NA,NA,NA,2,NA,NA,1,2,NA,1,1,NA,NA,NA
115,2023-05-03 05:47:55,2023-05-03 05:51:33,0,208.194.206.89,100,218,1,2023-05-03 05:51:33,R_1pRknk8gxtmcpch,,,,,40.7304,-74.2727,anonymous,EN,0.899999976158142,,0,30,1582-10-14,1,3,NA,1,2,2,3,3,2,3,4,2,5,1,3,2,2,3,2,2,3,1,4,5,18,32,3,3,5,3,1,NA,NA,NA,NA,NA,NA,NA,NA,2,1,7,2,2,22918,NA,NA,NA,NA,2,NA,NA,NA,1,NA,2,1,NA,NA,NA,1
116,2023-05-03 05:47:24,2023-05-03 05:51:42,0,208.194.215.37,100,258,1,2023-05-03 05:51:43,R_d6A3ROIWppdXx7P,,,,,41.9853,-71.5184,anonymous,EN,1,,0,30,1582-10-14,1,1,1,NA,2,2,1,1,2,5,3,4,2,1,2,2,2,1,1,5,1,3,4,2,56,57,1,2,2,2,NA,NA,NA,NA,NA,NA,1,NA,NA,2,1,15,2,2,31378,NA,NA,NA,NA,NA,2,NA,NA,1,NA,2,1,1,NA,NA,NA
117,2023-05-03 05:49:33,2023-05-03 05:51:46,0,63.92.71.56,100,133,1,2023-05-03 05:51:46,R_33g5288ugLRuRQO,,,,,41.9032,-87.6383,anonymous,EN,1,,0,25,1582-10-14,1,1,1,NA,4,5,5,4,5,4,1,5,2,3,4,5,5,4,5,2,3,1,4,5,100,100,1,5,1,2,1,NA,NA,NA,NA,NA,NA,NA,NA,1,2,15,1,2,71315,NA,NA,NA,2,NA,NA,NA,NA,1,2,NA,1,1,NA,NA,NA
118,2023-05-03 05:49:36,2023-05-03 05:51:50,0,208.194.212.53,100,134,1,2023-05-03 05:51:51,R_2YeKGwYG2bdfbPF,,,,,29.7646,-95.3657,anonymous,EN,1,,0,30,1582-10-14,1,1,2,NA,2,2,1,2,2,3,1,5,4,2,1,2,2,2,2,1,3,5,4,2,87,93,2,2,2,4,NA,NA,NA,NA,NA,NA,1,NA,NA,2,3,10,2,2,41603,NA,NA,NA,NA,NA,NA,2,NA,1,NA,2,1,NA,NA,1,NA
119,2023-05-03 05:45:55,2023-05-03 05:51:50,0,208.194.213.192,100,355,1,2023-05-03 05:51:51,R_27eYwPgUmUtzC4B,,,,,29.7646,-95.3657,anonymous,EN,1,,0,30,1582-10-14,1,2,1,NA,2,1,2,2,1,5,2,1,3,4,2,1,2,2,1,5,2,3,1,4,82,73,2,2,4,2,NA,NA,NA,NA,NA,NA,1,NA,NA,1,1,15,1,2,42354,NA,NA,NA,NA,NA,NA,2,NA,1,2,NA,1,1,NA,NA,NA
120,2023-05-03 05:50:24,2023-05-03 05:51:57,0,208.194.203.211,100,93,1,2023-05-03 05:51:58,R_3MJsSy1hZciAKl0,,,,,40.7304,-74.2727,anonymous,EN,1,,0,30,1582-10-14,1,2,1,NA,2,2,2,2,3,1,3,2,4,5,3,2,2,2,2,4,5,2,1,3,70,71,2,2,4,4,NA,NA,NA,NA,NA,NA,1,NA,NA,2,1,20,2,2,34613,NA,NA,NA,NA,NA,NA,NA,2,1,NA,2,1,NA,NA,1,NA
121,2023-05-03 05:48:59,2023-05-03 05:52:00,0,208.196.126.18,100,181,1,2023-05-03 05:52:01,R_337vGUZMtZfDgS7,,,,,26.3051,-80.2447,anonymous,EN,1,,0,0,1582-10-14,1,3,NA,2,1,2,2,1,2,2,1,5,3,4,1,2,2,2,2,4,2,1,3,5,72,85,2,2,2,3,NA,NA,NA,NA,NA,NA,1,NA,NA,1,4,12,2,2,13793,NA,2,NA,NA,NA,NA,NA,NA,1,NA,2,1,1,NA,NA,NA
122,2023-05-03 05:50:02,2023-05-03 05:52:12,0,107.180.133.182,100,130,1,2023-05-03 05:52:12,R_zffYGRaAmBF5HTX,,,,,39.0469,-77.4903,anonymous,EN,1,,0,0,1582-10-14,1,1,1,NA,2,2,2,1,1,3,1,4,2,5,3,5,2,2,1,5,4,1,3,2,77,84,2,3,3,3,NA,NA,NA,NA,NA,NA,1,NA,NA,2,2,5,2,2,67754,NA,NA,NA,NA,2,NA,NA,NA,1,2,NA,1,NA,NA,1,NA
123,2023-05-03 05:38:18,2023-05-03 05:52:12,0,208.194.216.17,100,834,1,2023-05-03 05:52:13,R_2EGGIw0QUGwZIqh,,,,,38.6397,-75.6047,anonymous,EN,1,,0,30,1582-10-14,1,1,1,NA,2,3,3,2,2,1,5,2,3,4,2,3,2,2,2,1,2,5,3,4,57,69,2,2,2,2,NA,NA,NA,NA,NA,NA,1,NA,NA,1,3,23,2,2,26379,NA,NA,NA,NA,NA,NA,NA,2,1,NA,2,1,NA,NA,NA,1
124,2023-05-03 05:50:06,2023-05-03 05:52:14,0,208.202.240.177,100,128,1,2023-05-03 05:52:15,R_56c20Pg4cvv4mhr,,,,,42.1755,-71.054,anonymous,EN,1,,0,0,1582-10-14,1,1,1,NA,2,3,2,2,2,1,2,4,3,5,3,2,2,3,2,4,1,5,2,3,83,75,2,2,2,2,NA,NA,NA,NA,NA,NA,1,NA,NA,1,3,16,2,2,98800,NA,2,NA,NA,NA,NA,NA,NA,1,2,NA,1,NA,NA,NA,1
125,2023-05-03 05:45:13,2023-05-03 05:52:42,0,208.195.183.126,100,449,1,2023-05-03 05:52:43,R_1Ca2EH3oZVR5bVL,,,,,40.8023,-73.7329,anonymous,EN,1,,0,30,1582-10-14,1,1,1,NA,5,5,4,4,4,2,4,5,3,1,4,5,4,5,4,1,4,5,2,3,78,86,2,1,2,1,NA,NA,NA,NA,NA,NA,1,NA,NA,2,1,18,2,2,33955,NA,NA,2,NA,NA,NA,NA,NA,1,NA,2,1,NA,NA,NA,1
126,2023-05-03 05:47:02,2023-05-03 05:52:59,0,208.196.127.155,100,357,1,2023-05-03 05:53:00,R_Og8MnpeUtfjorhD,,,,,26.3051,-80.2447,anonymous,EN,1,,0,30,1582-10-14,1,1,1,NA,2,1,1,2,1,2,4,3,5,1,3,2,3,2,1,4,1,2,5,3,70,75,1,2,1,1,NA,NA,NA,NA,NA,NA,1,NA,NA,2,3,24,1,2,75600,NA,NA,NA,NA,NA,NA,NA,2,1,NA,2,1,NA,NA,NA,1
127,2023-05-03 05:41:59,2023-05-03 05:53:21,0,208.196.109.145,100,682,1,2023-05-03 05:53:22,R_1rqBmRNJYbsjkGN,,,,,26.3477,-80.1094,anonymous,EN,1,,0,0,1582-10-14,1,2,1,NA,2,1,2,1,1,1,4,5,2,3,1,5,1,1,1,5,1,4,3,2,82,88,2,1,2,1,NA,NA,NA,NA,NA,NA,1,NA,NA,2,3,12,2,2,89384,NA,NA,2,NA,NA,NA,NA,NA,1,NA,2,1,NA,NA,1,NA
128,2023-05-03 05:51:34,2023-05-03 05:53:27,0,204.242.180.204,100,112,1,2023-05-03 05:53:27,R_3xA8ARFmxHGCzf3,,,,,40.7265,-74.1782,anonymous,EN,1,,0,0,1582-10-14,1,2,1,NA,5,4,5,4,5,1,2,3,5,4,1,1,1,2,2,5,3,1,2,4,63,65,1,1,1,1,NA,NA,NA,1,NA,NA,1,NA,NA,1,4,15,1,2,17894,2,NA,NA,NA,NA,NA,NA,NA,1,2,NA,1,NA,NA,1,NA
129,2023-05-03 05:51:38,2023-05-03 05:53:29,0,208.195.181.73,100,111,1,2023-05-03 05:53:30,R_1FeKJcwv9jfuM3z,,,,,40.8023,-73.7329,anonymous,EN,1,,0,30,1582-10-14,1,2,1,NA,2,1,2,1,2,5,2,1,4,3,2,2,2,1,1,3,1,5,4,2,96,95,2,2,2,2,NA,NA,NA,NA,NA,NA,1,NA,NA,2,2,15,2,2,36851,2,NA,NA,NA,NA,NA,NA,NA,1,2,NA,1,NA,NA,1,NA
130,2023-05-03 05:46:40,2023-05-03 05:53:37,0,88.216.254.187,100,417,1,2023-05-03 05:53:37,R_PHhtqyvAyqby7Hr,,,,,39.7356,-75.5516,anonymous,EN,0.899999976158142,,0,0,1582-10-14,1,3,NA,3,2,2,2,3,2,4,3,1,2,5,1,2,1,3,2,4,1,2,3,5,54,52,2,2,2,3,NA,NA,NA,NA,NA,NA,1,NA,NA,2,2,7,3,2,62316,NA,NA,2,NA,NA,NA,NA,NA,1,2,NA,1,1,NA,NA,NA
131,2023-05-03 05:40:03,2023-05-03 05:53:47,0,94.103.189.28,100,823,1,2023-05-03 05:53:47,R_1d3O98e7QFD5wVV,,,,,39.0469,-77.4903,anonymous,EN,0.800000011920929,,0,75,1582-10-14,1,3,NA,3,3,1,3,2,1,3,2,5,1,4,1,2,2,1,1,1,2,5,4,3,80,70,1,2,2,2,NA,NA,NA,NA,NA,NA,1,NA,NA,2,3,9,2,2,58086,NA,NA,NA,NA,NA,NA,NA,2,1,NA,2,1,NA,NA,1,NA
132,2023-05-03 05:48:22,2023-05-03 05:53:49,0,208.195.164.46,100,326,1,2023-05-03 05:53:50,R_Y0a7SmX3g1LYoQp,,,,,39.8079,-86.0949,anonymous,EN,1,,0,0,1582-10-14,1,2,1,NA,2,1,2,1,1,5,3,1,2,4,1,5,1,1,1,5,1,3,4,2,86,86,1,1,1,1,NA,NA,NA,NA,NA,NA,1,NA,NA,1,4,12,2,2,63447,NA,NA,NA,NA,NA,NA,2,NA,1,2,NA,1,1,NA,NA,NA
133,2023-05-03 05:40:01,2023-05-03 05:53:51,0,63.92.71.243,100,830,1,2023-05-03 05:53:52,R_PA58ujenpRXTDs5,,,,,41.9032,-87.6383,anonymous,EN,1,,0,25,1582-10-14,1,1,1,NA,4,4,5,5,5,2,4,1,5,3,2,1,3,2,2,2,1,4,5,3,100,100,1,5,1,1,NA,1,NA,NA,NA,NA,NA,NA,NA,1,1,15,1,2,48221,NA,NA,NA,NA,NA,NA,NA,2,1,2,NA,1,1,NA,NA,NA
134,2023-05-03 05:51:05,2023-05-03 05:53:54,0,208.202.237.177,100,168,1,2023-05-03 05:53:55,R_1JP0vjXIaLTq10R,,,,,26.2462,-80.2652,anonymous,EN,1,,0,0,1582-10-14,1,1,1,NA,2,2,2,2,2,5,2,4,3,1,2,2,2,2,2,1,3,4,5,2,80,80,2,2,2,4,NA,NA,NA,NA,NA,NA,1,NA,NA,1,3,16,2,2,87402,NA,NA,2,NA,NA,NA,NA,NA,1,2,NA,1,NA,NA,1,NA
135,2023-05-03 05:39:06,2023-05-03 05:53:57,0,109.121.24.63,100,890,1,2023-05-03 05:53:57,R_z7Rn8q1Mv0IWmD7,,,,,39.0469,-77.4903,anonymous,EN,0.899999976158142,,0,0,1582-10-14,1,3,NA,3,2,2,2,2,2,4,2,1,3,5,2,4,2,2,2,2,5,3,4,1,72,71,2,3,2,2,NA,NA,NA,NA,NA,NA,1,NA,1,2,3,31,2,2,10441,NA,NA,NA,NA,NA,2,NA,NA,1,2,NA,1,NA,1,NA,NA
136,2023-05-03 05:52:19,2023-05-03 05:53:58,0,208.194.212.103,100,98,1,2023-05-03 05:53:58,R_12r7AAVsyKoNHPT,,,,,29.7646,-95.3657,anonymous,EN,1,,0,30,1582-10-14,1,2,1,NA,2,3,2,3,2,2,5,1,3,4,2,3,3,3,2,4,5,3,2,1,55,63,2,2,2,2,NA,NA,NA,NA,NA,NA,1,NA,NA,2,1,20,2,2,82555,NA,NA,NA,NA,NA,2,NA,NA,1,NA,2,1,NA,1,NA,NA
137,2023-05-03 05:40:39,2023-05-03 05:54:21,0,208.194.212.165,100,822,1,2023-05-03 05:54:22,R_3ptYY7i9TBmsXg9,,,,,29.7646,-95.3657,anonymous,EN,0.899999976158142,,0,30,1582-10-14,1,1,1,NA,4,4,3,3,3,2,4,5,1,3,4,4,3,3,3,2,5,3,4,1,51,72,3,4,3,3,NA,NA,NA,NA,NA,NA,1,NA,NA,2,4,19,1,1,95268,NA,NA,NA,2,NA,NA,NA,NA,1,NA,2,1,NA,1,NA,NA
138,2023-05-03 05:51:53,2023-05-03 05:54:59,0,208.194.202.144,100,185,1,2023-05-03 05:55:00,R_3oMYrjzFFL0v5cO,,,,,40.7304,-74.2727,anonymous,EN,0.899999976158142,,0,30,1582-10-14,1,2,1,NA,3,2,4,4,2,3,2,1,5,4,1,2,2,3,2,2,1,5,4,3,60,84,2,3,2,2,NA,NA,NA,NA,NA,NA,1,NA,NA,2,1,17,2,2,84063,NA,NA,NA,NA,NA,2,NA,NA,1,2,NA,1,1,NA,NA,NA
139,2023-05-03 05:53:37,2023-05-03 05:55:04,0,208.195.177.163,100,86,1,2023-05-03 05:55:04,R_28S2bUXwSfsEQv7,,,,,40.6286,-73.939,anonymous,EN,1,,0,30,1582-10-14,1,1,1,NA,5,5,5,5,5,4,5,3,1,2,5,5,5,5,5,2,3,5,1,4,35,43,3,4,1,4,NA,NA,NA,NA,NA,NA,1,NA,NA,2,1,18,1,1,69829,NA,NA,NA,NA,NA,NA,NA,2,1,NA,2,1,1,NA,NA,NA
140,2023-05-03 05:47:50,2023-05-03 05:55:08,0,206.251.203.17,100,437,1,2023-05-03 05:55:08,R_3nVMFlYVupT530R,,,,,39.0469,-77.4903,anonymous,EN,0.899999976158142,,0,0,1582-10-14,1,1,1,NA,2,1,2,1,1,4,5,2,1,3,2,3,2,1,1,4,3,1,5,2,79,87,1,2,1,2,NA,NA,NA,NA,NA,NA,1,NA,NA,1,3,17,2,2,65496,NA,NA,NA,NA,NA,NA,NA,2,1,NA,2,1,NA,1,NA,NA
141,2023-05-03 05:42:13,2023-05-03 05:55:22,0,204.242.181.85,100,789,1,2023-05-03 05:55:23,R_1DwcP4J9LYgQ8GC,,,,,35.1243,-78.8979,anonymous,EN,1,,0,10,1582-10-14,1,3,NA,2,2,3,2,1,1,4,3,1,2,5,3,2,2,1,1,5,3,1,2,4,81,70,2,1,3,2,NA,NA,NA,NA,NA,NA,1,NA,NA,2,3,14,2,2,87755,2,NA,NA,NA,NA,NA,NA,NA,1,2,NA,1,NA,1,NA,NA
142,2023-05-03 05:49:13,2023-05-03 05:55:35,0,208.194.215.197,100,381,1,2023-05-03 05:55:36,R_RyqlG8lMItA6akh,,,,,41.9853,-71.5184,anonymous,EN,1,,0,30,1582-10-14,1,1,1,NA,1,2,1,2,2,3,5,1,4,2,2,2,2,1,1,4,2,3,1,5,88,86,2,1,1,1,NA,NA,NA,NA,NA,NA,1,NA,NA,1,1,17,2,2,51774,NA,NA,2,NA,NA,NA,NA,NA,1,2,NA,1,1,NA,NA,NA
143,2023-05-03 05:52:27,2023-05-03 05:55:57,0,172.107.180.103,100,209,1,2023-05-03 05:55:57,R_qWULxDhv0HmQ5Hz,,,,,32.8137,-96.8704,anonymous,EN,1,,0,25,1582-10-14,1,3,NA,2,1,2,1,1,2,2,4,3,5,1,1,4,1,1,1,1,2,4,3,5,81,88,1,1,2,3,NA,NA,NA,NA,NA,NA,1,NA,NA,2,4,18,2,2,77004,NA,NA,2,NA,NA,NA,NA,NA,1,NA,2,1,NA,NA,1,NA
144,2023-05-03 05:51:41,2023-05-03 05:56:02,0,98.235.49.119,100,261,1,2023-05-03 05:56:03,R_7O0dsowT48ZSrD3,,,,,40.2744,-76.7062,anonymous,EN,1,,0,0,1582-10-14,1,1,1,NA,1,1,5,3,2,4,5,3,2,1,4,4,3,3,4,5,3,2,1,4,32,0,4,4,1,1,NA,NA,NA,NA,NA,NA,1,NA,NA,1,1,33,2,2,40931,NA,NA,NA,NA,2,NA,NA,NA,1,NA,2,1,NA,NA,NA,1
145,2023-05-03 05:52:39,2023-05-03 05:56:09,0,208.194.201.70,100,209,1,2023-05-03 05:56:09,R_2YbKwLRnuq0F9HN,,,,,40.7304,-74.2727,anonymous,EN,1,,0,30,1582-10-14,1,1,1,NA,2,2,1,1,2,3,1,2,4,5,2,1,2,2,1,5,1,4,2,3,74,67,2,1,2,3,NA,NA,NA,NA,NA,NA,1,NA,NA,2,1,18,2,2,52032,NA,NA,NA,NA,NA,NA,2,NA,1,2,NA,1,NA,NA,1,NA
146,2023-05-03 05:54:26,2023-05-03 05:56:15,0,208.195.186.95,100,108,1,2023-05-03 05:56:15,R_1CILSH1y0mSgeIm,,,,,40.8023,-73.7329,anonymous,EN,1,,0,30,1582-10-14,1,2,1,NA,2,1,2,1,2,5,4,1,2,3,1,2,2,1,2,2,3,5,4,1,95,94,1,2,2,3,NA,NA,NA,NA,NA,NA,1,NA,NA,2,2,15,1,2,13933,NA,NA,NA,2,NA,NA,NA,NA,1,2,NA,1,NA,1,NA,NA
147,2023-05-03 05:39:52,2023-05-03 05:56:29,0,202.182.74.88,100,996,1,2023-05-03 05:56:29,R_12zqDKxvJ32b0JO,,,,,40.7123,-74.0068,anonymous,EN,NA,,0,25,1582-10-14,1,1,1,NA,1,2,2,1,1,3,5,4,2,1,1,3,1,1,1,1,3,5,2,4,95,86,1,1,2,3,NA,NA,NA,NA,NA,NA,1,NA,NA,2,3,26,2,2,89379,NA,NA,NA,NA,NA,NA,2,NA,1,2,NA,1,NA,1,NA,NA
148,2023-05-03 05:44:58,2023-05-03 05:56:31,0,185.186.62.136,100,692,1,2023-05-03 05:56:31,R_4O8w79Dr5HavrFv,,,,,34.0544,-118.244,anonymous,EN,0.899999976158142,,0,0,1582-10-14,1,2,1,NA,5,4,5,4,4,4,1,2,5,3,3,4,3,2,3,3,2,1,5,4,80,90,2,2,1,1,NA,NA,NA,1,NA,NA,1,NA,NA,2,4,29,2,2,65769,NA,NA,NA,2,NA,NA,NA,NA,1,NA,2,1,1,NA,NA,NA
149,2023-05-03 05:39:21,2023-05-03 05:56:33,0,206.82.3.234,100,1031,1,2023-05-03 05:56:33,R_1CrxaUteBs3cH7E,,,,,44.9847,-93.5422,anonymous,EN,0.800000011920929,,0,35,1582-10-14,1,1,1,NA,3,3,4,2,2,3,4,1,2,5,2,4,1,1,2,4,1,5,3,2,69,71,2,2,2,3,NA,NA,NA,NA,NA,NA,1,NA,NA,2,3,14,1,2,84151,NA,NA,NA,NA,NA,NA,2,NA,1,2,NA,1,NA,NA,NA,1
150,2023-05-03 05:54:07,2023-05-03 05:56:38,0,208.195.180.197,100,151,1,2023-05-03 05:56:39,R_2951KODfgJWrmrF,,,,,40.8023,-73.7329,anonymous,EN,1,,0,30,1582-10-14,1,1,1,NA,1,2,2,1,1,3,2,4,1,5,1,2,1,1,2,5,2,3,1,4,87,83,1,2,1,1,NA,NA,NA,NA,NA,NA,1,NA,NA,2,1,18,2,2,83264,NA,NA,2,NA,NA,NA,NA,NA,1,2,NA,1,1,NA,NA,NA
151,2023-05-03 05:52:01,2023-05-03 05:56:49,0,208.194.206.238,100,288,1,2023-05-03 05:56:50,R_1oFkMX3kufqNxui,,,,,40.7304,-74.2727,anonymous,EN,1,,0,30,1582-10-14,1,1,1,NA,1,2,1,2,2,4,2,3,1,5,2,1,2,1,2,2,3,5,4,1,78,66,2,1,1,2,NA,NA,NA,NA,NA,NA,1,NA,NA,2,1,17,2,2,17557,NA,NA,NA,NA,2,NA,NA,NA,1,NA,2,1,NA,NA,NA,1
152,2023-05-03 05:52:56,2023-05-03 05:57:27,0,45.63.105.77,100,270,1,2023-05-03 05:57:27,R_1r8tfd8P6NbAJiX,,,,,25.8119,-80.2318,anonymous,EN,0.899999976158142,,0,25,1582-10-14,1,3,NA,3,2,3,2,3,2,1,3,4,5,2,3,3,2,2,2,5,2,4,3,1,40,52,1,3,2,3,NA,NA,NA,1,NA,NA,NA,NA,NA,2,2,21,2,2,77908,NA,2,NA,NA,NA,NA,NA,NA,1,2,NA,1,1,NA,NA,NA
153,2023-05-03 05:54:16,2023-05-03 05:57:58,0,63.92.70.122,100,222,1,2023-05-03 05:57:59,R_AmMvUnbQurnEtA5,,,,,41.9032,-87.6383,anonymous,EN,1,,0,25,1582-10-14,1,2,1,NA,1,2,2,NA,1,1,4,2,5,3,2,2,1,1,1,2,4,5,3,1,100,100,1,2,1,1,NA,NA,NA,NA,NA,NA,1,NA,NA,1,1,15,1,2,90121,NA,NA,2,NA,NA,NA,NA,NA,1,NA,2,1,NA,NA,NA,1
154,2023-05-03 05:46:58,2023-05-03 05:58:09,0,168.158.124.19,100,670,1,2023-05-03 05:58:09,R_3z4BXJKwgaFpqDv,,,,,42.4557,-83.6542,anonymous,EN,0.899999976158142,,0,30,1582-10-14,1,3,NA,2,1,1,2,1,2,5,3,1,2,4,2,5,1,1,3,4,2,1,3,5,75,85,1,2,2,2,NA,NA,NA,NA,NA,NA,1,NA,NA,2,2,2,2,2,39751,NA,NA,NA,NA,2,NA,NA,NA,1,2,NA,1,NA,NA,1,NA
155,2023-05-03 05:51:48,2023-05-03 05:58:18,0,80.71.150.10,100,389,1,2023-05-03 05:58:18,R_22AqoZDbnTZZ4O5,,,,,39.0469,-77.4903,anonymous,EN,0.800000011920929,,0,25,1582-10-14,1,1,1,NA,1,1,2,2,1,3,5,4,2,1,2,1,1,1,2,2,5,1,3,4,100,73,2,1,2,1,NA,NA,NA,NA,NA,NA,1,NA,NA,1,3,42,1,1,35519,NA,2,NA,NA,NA,NA,NA,NA,1,2,NA,1,NA,NA,NA,1
156,2023-05-03 05:38:53,2023-05-03 05:58:37,0,209.181.152.34,100,1184,1,2023-05-03 05:58:38,R_2chdIzC8634KMDu,,,,,41.1156,-95.9375,anonymous,EN,1,,0,0,1582-10-14,1,3,NA,3,5,2,3,4,1,3,2,1,4,5,5,5,3,4,4,2,3,5,4,1,38,50,1,2,3,1,NA,NA,NA,NA,NA,NA,1,NA,NA,1,1,13,2,2,19269,NA,NA,NA,NA,NA,NA,NA,2,1,2,NA,1,NA,NA,1,NA
157,2023-05-03 05:57:01,2023-05-03 05:58:46,0,208.195.185.22,100,104,1,2023-05-03 05:58:47,R_3HogR9aq0Xi5LxU,,,,,40.8023,-73.7329,anonymous,EN,1,,0,30,1582-10-14,1,2,1,NA,2,1,2,2,1,3,4,1,5,2,2,2,1,1,2,5,1,4,2,3,91,93,2,3,2,2,NA,NA,NA,NA,NA,NA,1,NA,NA,2,2,15,1,2,20579,NA,NA,NA,NA,2,NA,NA,NA,1,2,NA,1,NA,NA,1,NA
158,2023-05-03 05:52:54,2023-05-03 05:59:00,0,204.242.181.142,100,365,1,2023-05-03 05:59:00,R_3fW4axaxDYACaj8,,,,,35.1243,-78.8979,anonymous,EN,1,,0,0,1582-10-14,1,2,1,NA,1,2,1,1,2,3,4,1,5,2,2,2,1,1,1,2,4,3,5,1,100,100,1,2,1,1,NA,NA,NA,NA,NA,NA,1,NA,NA,1,1,15,1,2,10871,2,NA,NA,NA,NA,NA,NA,NA,1,2,NA,1,NA,NA,NA,1
159,2023-05-03 05:48:15,2023-05-03 05:59:10,0,205.149.43.159,100,655,1,2023-05-03 05:59:11,R_tGt4TgNvMkLI2kh,,,,,42.9923,-87.9932,anonymous,EN,0.899999976158142,,0,25,1582-10-14,1,1,1,NA,1,1,2,1,2,1,5,2,3,4,1,2,1,3,1,3,2,1,4,5,88,82,1,2,1,2,NA,NA,NA,NA,NA,NA,1,NA,NA,2,3,13,2,2,39438,NA,NA,2,NA,NA,NA,NA,NA,1,2,NA,1,NA,1,NA,NA
160,2023-05-03 05:40:49,2023-05-03 05:59:23,0,208.195.173.17,100,1113,1,2023-05-03 05:59:23,R_ai7HimbArB4rUJP,,,,,39.8996,-86.1692,anonymous,EN,NA,,0,0,1582-10-14,1,3,NA,2,2,1,1,2,2,2,3,1,5,4,2,1,2,1,1,3,5,4,2,1,85,86,1,2,1,2,NA,NA,NA,NA,NA,NA,1,NA,NA,2,3,13,2,2,11670,NA,2,NA,NA,NA,NA,NA,NA,1,NA,2,1,NA,1,NA,NA
161,2023-05-03 05:58:01,2023-05-03 05:59:34,0,208.194.205.103,100,93,1,2023-05-03 05:59:35,R_3EcWyoI2UUKfqks,,,,,40.7304,-74.2727,anonymous,EN,1,,0,30,1582-10-14,1,2,1,NA,2,2,1,2,1,1,4,5,3,2,2,2,1,2,1,5,1,4,3,2,80,82,2,1,4,2,NA,NA,NA,NA,NA,NA,1,NA,NA,1,1,16,1,2,69800,NA,NA,2,NA,NA,NA,NA,NA,1,2,NA,1,NA,NA,1,NA
162,2023-05-03 05:56:42,2023-05-03 05:59:44,0,172.107.180.114,100,182,1,2023-05-03 05:59:46,R_1ISHPWknvy1qsgr,,,,,32.8137,-96.8704,anonymous,EN,1,,0,25,1582-10-14,1,2,1,NA,2,1,1,1,1,3,1,2,5,4,2,1,3,1,2,4,3,5,2,1,65,60,3,2,2,2,NA,NA,NA,NA,NA,NA,1,NA,NA,2,4,10,2,1,32978,NA,NA,NA,2,NA,NA,NA,NA,1,2,NA,1,1,NA,NA,NA
163,2023-05-03 05:54:44,2023-05-03 05:59:46,0,204.242.181.115,100,302,1,2023-05-03 05:59:47,R_2EiLWyeLXBCpxWJ,,,,,35.1243,-78.8979,anonymous,EN,1,,0,0,1582-10-14,1,2,1,NA,2,1,1,1,2,2,5,1,3,4,1,1,2,1,2,3,1,2,5,4,100,100,1,2,1,1,NA,NA,NA,NA,NA,NA,1,NA,NA,1,1,15,1,2,41730,NA,2,NA,NA,NA,NA,NA,NA,1,NA,2,1,1,NA,NA,NA
164,2023-05-03 05:46:54,2023-05-03 06:00:08,0,208.194.207.14,100,793,1,2023-05-03 06:00:09,R_1JRzljwn5u9Zu27,,,,,40.7304,-74.2727,anonymous,EN,1,,0,30,1582-10-14,1,1,1,NA,2,2,2,2,2,1,5,4,2,3,2,2,2,2,1,5,3,1,4,2,100,93,2,2,1,2,NA,NA,NA,NA,NA,NA,1,NA,NA,2,3,23,1,2,35213,NA,NA,NA,NA,NA,NA,NA,2,1,NA,2,1,NA,NA,1,NA
165,2023-05-03 05:57:33,2023-05-03 06:00:21,0,208.195.181.146,100,167,1,2023-05-03 06:00:22,R_1CjDo4aBAMHHwnb,,,,,40.8023,-73.7329,anonymous,EN,1,,0,30,1582-10-14,1,2,1,NA,2,1,2,1,2,4,2,1,3,5,2,4,3,5,4,4,5,2,3,1,79,87,4,3,2,3,NA,NA,NA,NA,NA,NA,1,NA,NA,2,1,13,1,1,38771,NA,NA,NA,NA,NA,2,NA,NA,1,2,NA,1,1,NA,NA,NA
166,2023-05-03 05:58:39,2023-05-03 06:00:24,0,208.195.173.178,100,105,1,2023-05-03 06:00:25,R_snfR0BXsB6nQsfv,,,,,39.8996,-86.1692,anonymous,EN,NA,,0,0,1582-10-14,1,2,1,NA,3,2,1,2,2,3,4,5,1,2,2,4,2,1,3,4,1,5,3,2,73,46,3,2,1,3,NA,NA,NA,NA,NA,NA,1,NA,NA,2,4,12,2,2,26266,2,NA,NA,NA,NA,NA,NA,NA,1,2,NA,1,NA,1,NA,NA
167,2023-05-03 05:56:13,2023-05-03 06:00:28,0,208.194.199.175,100,255,1,2023-05-03 06:00:29,R_2VlKzVKBzcLblAu,,,,,39.6102,-75.6747,anonymous,EN,1,,0,30,1582-10-14,1,1,1,NA,4,3,3,4,3,2,3,1,4,5,4,3,3,4,3,2,3,1,4,5,63,67,3,4,3,3,NA,NA,NA,NA,NA,NA,1,NA,NA,2,4,26,1,1,34926,NA,NA,NA,NA,NA,NA,NA,2,1,2,NA,1,NA,NA,NA,1
168,2023-05-03 05:44:02,2023-05-03 06:00:46,0,205.149.43.154,100,1004,1,2023-05-03 06:00:47,R_1NqNglebtweA6aH,,,,,42.9923,-87.9932,anonymous,EN,1,,0,25,1582-10-14,1,3,NA,2,3,1,2,2,1,4,2,3,1,5,2,3,2,1,2,3,2,4,5,1,44,68,2,3,4,2,NA,NA,NA,NA,NA,NA,1,NA,NA,1,4,12,2,2,14449,NA,NA,NA,NA,NA,NA,NA,2,1,NA,2,1,1,NA,NA,NA
169,2023-05-03 05:53:52,2023-05-03 06:00:47,0,208.194.201.7,100,415,1,2023-05-03 06:00:48,R_r2Sgu2HvCGW3aBr,,,,,40.7304,-74.2727,anonymous,EN,1,,0,30,1582-10-14,1,2,1,NA,2,2,2,2,2,2,3,1,4,5,3,3,3,3,3,4,2,5,3,1,75,88,3,3,2,2,NA,NA,NA,NA,NA,NA,1,NA,NA,1,1,16,2,2,87009,NA,NA,NA,NA,NA,2,NA,NA,1,NA,2,1,NA,NA,1,NA
170,2023-05-03 05:40:59,2023-05-03 06:01:08,0,208.196.99.245,100,1208,1,2023-05-03 06:01:09,R_1rrcSNV1FO9pN4a,,,,,26.3477,-80.1094,anonymous,EN,1,,0,0,1582-10-14,1,3,NA,2,3,2,2,2,3,5,1,2,4,3,3,2,1,2,2,4,5,2,1,3,67,74,2,3,4,2,NA,NA,NA,NA,NA,NA,1,NA,NA,1,4,13,2,2,12663,NA,NA,NA,NA,NA,2,NA,NA,1,NA,2,1,NA,NA,NA,1
171,2023-05-03 05:56:34,2023-05-03 06:01:15,0,208.195.190.147,100,281,1,2023-05-03 06:01:16,R_1r9cbRge8fNNG6V,,,,,40.8023,-73.7329,anonymous,EN,1,,0,30,1582-10-14,1,2,1,NA,3,2,3,3,3,4,1,5,3,2,3,3,3,3,2,5,3,2,4,1,72,72,2,2,2,2,NA,NA,NA,NA,NA,NA,1,NA,NA,2,1,15,2,2,69249,NA,NA,NA,2,NA,NA,NA,NA,1,NA,2,1,NA,NA,1,NA
172,2023-05-03 05:59:58,2023-05-03 06:01:28,0,208.195.180.198,100,90,1,2023-05-03 06:01:28,R_2c1MlBMyG80SpDl,,,,,40.8023,-73.7329,anonymous,EN,1,,0,30,1582-10-14,1,2,1,NA,2,2,2,1,1,1,3,5,2,4,2,1,1,2,2,1,2,4,3,5,91,96,2,2,2,3,NA,NA,NA,NA,NA,NA,1,NA,NA,2,2,15,1,2,72795,NA,NA,NA,NA,NA,NA,NA,2,1,NA,2,1,1,NA,NA,NA
173,2023-05-03 05:39:41,2023-05-03 06:01:32,0,155.193.129.255,100,1311,1,2023-05-03 06:01:33,R_3fqpeHlAokdY6Bk,,,,,37.751,-97.822,anonymous,EN,1,,0,35,1582-10-14,1,1,1,NA,4,2,2,1,1,3,2,4,5,1,2,2,1,2,1,3,1,4,5,2,78,88,2,1,1,2,NA,NA,NA,NA,NA,NA,1,NA,NA,2,3,12,2,2,26296,NA,NA,2,NA,NA,NA,NA,NA,1,2,NA,1,NA,NA,NA,1
174,2023-05-03 05:56:28,2023-05-03 06:01:53,0,205.149.51.156,100,325,1,2023-05-03 06:01:54,R_2QLi9mV1AfZKLJy,,,,,42.7811,-71.2156,anonymous,EN,0.400000005960464,,0,25,1582-10-14,1,3,NA,2,2,2,2,3,2,5,1,4,3,2,3,2,2,2,3,3,2,5,4,1,72,76,2,2,2,1,NA,NA,NA,NA,NA,NA,1,NA,NA,2,3,13,2,2,31101,NA,NA,NA,NA,NA,NA,2,NA,1,2,NA,1,NA,NA,1,NA
175,2023-05-03 05:43:29,2023-05-03 06:02:17,0,208.195.188.49,100,1127,1,2023-05-03 06:02:18,R_2TGKjY47ccmwOba,,,,,40.8023,-73.7329,anonymous,EN,1,,0,30,1582-10-14,1,1,1,NA,4,4,4,5,5,1,3,5,4,2,1,1,2,1,2,1,3,2,5,4,83,80,1,2,1,1,NA,NA,NA,NA,NA,NA,1,NA,NA,2,1,19,2,2,90238,NA,NA,NA,2,NA,NA,NA,NA,1,2,NA,1,NA,NA,1,NA
176,2023-05-03 06:01:18,2023-05-03 06:02:36,0,208.194.207.237,100,77,1,2023-05-03 06:02:36,R_3M5SdalyfmRfUWV,,,,,40.7304,-74.2727,anonymous,EN,1,,0,30,1582-10-14,1,2,1,NA,2,2,2,2,1,3,1,4,5,2,2,1,2,2,1,3,4,5,1,2,84,82,2,1,4,2,NA,NA,NA,NA,NA,NA,1,NA,NA,1,1,16,1,2,55490,NA,NA,NA,NA,NA,NA,2,NA,1,2,NA,1,NA,1,NA,NA
177,2023-05-03 05:51:43,2023-05-03 06:02:37,0,206.82.8.148,100,654,1,2023-05-03 06:02:38,R_3m2n13d4GMAom2p,,,,,30.4594,-87.2075,anonymous,EN,0.800000011920929,,0,25,1582-10-14,1,1,1,NA,2,2,2,3,4,1,5,3,2,4,3,2,3,2,2,4,1,2,3,5,88,97,2,1,1,2,NA,NA,NA,NA,NA,NA,1,NA,NA,1,1,13,1,1,53658,NA,NA,NA,NA,NA,NA,2,NA,1,NA,2,1,NA,1,NA,NA
178,2023-05-03 05:59:52,2023-05-03 06:02:39,0,208.196.125.19,100,167,1,2023-05-03 06:02:40,R_3j8rQFUFv5QBPuJ,,,,,26.3051,-80.2447,anonymous,EN,1,,0,30,1582-10-14,1,1,1,NA,1,3,2,2,1,1,2,3,5,4,2,1,3,1,2,3,4,2,1,5,92,62,1,2,1,2,NA,NA,NA,NA,NA,NA,1,NA,NA,2,2,13,2,2,76433,NA,NA,2,NA,NA,NA,NA,NA,1,2,NA,1,1,NA,NA,NA
179,2023-05-03 06:01:23,2023-05-03 06:02:45,0,71.71.214.155,100,82,1,2023-05-03 06:02:45,R_42EzRkuKwLfqbcJ,,,,,35.2227,-80.7938,anonymous,EN,1,,0,0,1582-10-14,1,1,1,NA,1,1,5,5,1,1,3,2,5,4,3,3,2,2,2,5,1,4,3,2,80,75,1,5,3,5,NA,NA,1,NA,NA,NA,NA,NA,NA,1,2,20,2,2,86093,NA,NA,NA,NA,NA,NA,NA,2,1,NA,2,1,NA,1,NA,NA
180,2023-05-03 05:57:35,2023-05-03 06:02:53,0,23.148.216.155,100,317,1,2023-05-03 06:02:53,R_2VgzDHt1xGfHyXb,,,,,43.0801,-77.6342,anonymous,EN,1,,0,30,1582-10-14,1,1,2,NA,2,1,2,1,2,3,2,5,1,4,2,1,1,2,1,5,2,3,4,1,98,91,1,1,2,3,NA,NA,NA,NA,NA,NA,1,NA,NA,2,3,15,2,2,92537,NA,NA,NA,2,NA,NA,NA,NA,1,NA,2,1,NA,NA,NA,1
181,2023-05-03 05:55:54,2023-05-03 06:02:56,0,168.158.124.220,100,421,1,2023-05-03 06:02:56,R_2tKVUNkIPGAor3h,,,,,42.4557,-83.6542,anonymous,EN,0.800000011920929,,0,30,1582-10-14,1,2,1,NA,1,2,2,2,1,3,5,1,4,2,2,3,1,2,1,1,4,3,5,2,65,59,2,3,2,2,NA,NA,NA,NA,NA,NA,1,NA,NA,2,4,10,2,1,67207,NA,NA,NA,NA,2,NA,NA,NA,1,NA,2,1,NA,1,NA,NA
182,2023-05-03 06:01:31,2023-05-03 06:03:03,0,208.195.190.21,100,92,1,2023-05-03 06:03:04,R_28ASCbCSpWM45dd,,,,,40.8023,-73.7329,anonymous,EN,1,,0,30,1582-10-14,1,2,1,NA,2,2,2,2,2,4,5,2,1,3,3,3,2,3,3,5,3,1,4,2,76,79,2,2,3,3,NA,NA,NA,NA,NA,NA,1,NA,NA,2,1,15,2,2,87526,NA,NA,2,NA,NA,NA,NA,NA,1,NA,2,1,NA,1,NA,NA
183,2023-05-03 05:58:07,2023-05-03 06:03:17,0,208.195.182.116,100,309,1,2023-05-03 06:03:17,R_3CZuvRgk4HX9Hx9,,,,,40.8023,-73.7329,anonymous,EN,1,,0,50,1582-10-14,1,1,1,NA,4,4,3,3,3,2,4,1,3,5,4,3,3,4,3,2,1,5,4,3,51,73,3,4,3,3,NA,NA,NA,NA,NA,NA,1,NA,NA,2,4,19,1,1,23630,NA,NA,NA,2,NA,NA,NA,NA,1,2,NA,1,1,NA,NA,NA
184,2023-05-03 05:57:28,2023-05-03 06:03:44,0,121.91.230.56,100,375,1,2023-05-03 06:03:45,R_3qa38fR5AkX0veH,,,,,39.0064,-77.4199,anonymous,EN,1,,0,25,1582-10-14,1,1,1,NA,3,2,3,1,1,4,2,5,3,1,2,3,1,2,2,2,3,5,4,1,59,72,2,3,2,3,NA,NA,NA,NA,NA,NA,1,NA,NA,1,3,5,1,2,46528,2,NA,NA,NA,NA,NA,NA,NA,1,2,NA,1,NA,1,NA,NA
185,2023-05-03 06:01:41,2023-05-03 06:03:57,0,208.194.203.192,100,135,1,2023-05-03 06:03:58,R_1rNdafH3NSSOBRL,,,,,40.7304,-74.2727,anonymous,EN,1,,0,30,1582-10-14,1,2,1,NA,2,2,2,2,2,2,5,1,3,4,3,3,3,3,3,2,4,1,5,3,86,83,3,3,1,2,NA,NA,NA,NA,NA,NA,1,NA,NA,1,1,16,2,2,70880,NA,NA,NA,NA,NA,2,NA,NA,1,2,NA,1,NA,1,NA,NA
186,2023-05-03 06:00:03,2023-05-03 06:04:16,0,208.194.212.137,100,252,1,2023-05-03 06:04:17,R_r391q7X0zY59oVb,,,,,29.7646,-95.3657,anonymous,EN,1,,0,30,1582-10-14,1,1,1,NA,5,5,5,4,5,1,3,4,5,2,5,4,5,5,5,2,3,5,4,1,39,46,5,5,1,2,NA,NA,NA,NA,NA,NA,1,NA,NA,2,1,18,1,1,11280,NA,NA,2,NA,NA,NA,NA,NA,1,2,NA,1,NA,1,NA,NA
187,2023-05-03 05:53:46,2023-05-03 06:04:19,0,208.194.212.71,100,633,1,2023-05-03 06:04:20,R_1oIv2VYNF1FJBNu,,,,,29.7646,-95.3657,anonymous,EN,1,,0,30,1582-10-14,1,1,2,NA,2,3,4,1,1,1,2,4,5,3,4,5,1,2,1,3,2,5,4,1,61,65,2,2,2,3,NA,NA,NA,NA,NA,NA,1,NA,NA,2,3,21,2,2,91146,NA,NA,NA,NA,NA,NA,2,NA,1,2,NA,1,NA,NA,1,NA
188,2023-05-03 05:48:43,2023-05-03 06:04:35,0,208.195.178.146,100,952,1,2023-05-03 06:04:36,R_2ALtqziCSBpi74y,,,,,40.8023,-73.7329,anonymous,EN,1,,0,30,1582-10-14,1,1,1,NA,2,3,4,2,1,1,3,2,4,5,3,3,1,2,2,1,2,3,4,5,76,76,3,2,2,2,NA,NA,NA,NA,NA,NA,1,NA,NA,1,3,15,1,2,39843,NA,NA,NA,2,NA,NA,NA,NA,1,NA,2,1,NA,NA,NA,1
189,2023-05-03 06:01:02,2023-05-03 06:04:54,0,208.195.180.231,100,232,1,2023-05-03 06:04:55,R_1mlq8GqDimk21Bf,,,,,40.8023,-73.7329,anonymous,EN,1,,0,30,1582-10-14,1,1,1,NA,1,2,1,2,2,5,1,2,3,4,2,2,2,2,1,5,1,2,4,3,88,91,2,1,1,1,NA,NA,NA,NA,NA,NA,1,NA,NA,1,1,17,2,2,84614,NA,2,NA,NA,NA,NA,NA,NA,1,2,NA,1,NA,NA,NA,1
190,2023-05-03 05:38:16,2023-05-03 06:05:04,0,208.202.237.111,100,1607,1,2023-05-03 06:05:05,R_3FPP4ym3Bm82sBv,,,,,26.2462,-80.2652,anonymous,EN,1,,0,30,1582-10-14,1,1,1,NA,1,1,2,1,1,1,2,3,5,4,1,2,1,1,1,2,3,1,4,5,95,97,1,1,1,1,NA,NA,NA,NA,NA,NA,1,NA,NA,2,4,6,2,2,18758,NA,2,NA,NA,NA,NA,NA,NA,1,NA,2,1,NA,NA,1,NA
191,2023-05-03 06:01:31,2023-05-03 06:05:05,0,108.60.212.239,100,214,1,2023-05-03 06:05:06,R_3LZ4VZYUSjSnHuk,,,,,32.7611,-97.3318,anonymous,EN,0.899999976158142,,0,25,1582-10-14,1,3,NA,2,4,4,4,3,3,5,3,1,4,2,3,3,3,4,4,5,1,3,2,4,81,55,4,3,2,2,NA,NA,NA,NA,NA,NA,1,NA,NA,2,4,12,2,2,69092,2,NA,NA,NA,NA,NA,NA,NA,1,2,NA,1,NA,NA,NA,1
192,2023-05-03 06:04:45,2023-05-03 06:05:06,0,192.126.211.25,100,20,1,2023-05-03 06:05:07,R_2wav970Ak38jl3l,,,,,37.751,-97.822,anonymous,EN,0.899999976158142,,0,105,1582-10-14,2,NA,NA,NA,NA,NA,NA,NA,NA,NA,NA,NA,NA,NA,NA,NA,NA,NA,NA,NA,NA,NA,NA,NA,NA,NA,NA,NA,NA,NA,NA,NA,NA,NA,NA,NA,NA,NA,NA,NA,NA,NA,NA,NA,76224,NA,NA,NA,NA,NA,NA,NA,NA,NA,NA,NA,NA,NA,NA,NA,NA
193,2023-05-03 06:03:02,2023-05-03 06:05:09,0,192.126.163.170,100,126,1,2023-05-03 06:05:09,R_1mRcgWkawMt30Mx,,,,,47.63,-122.2972,anonymous,EN,0.899999976158142,,0,105,1582-10-14,1,1,1,NA,1,1,2,1,2,3,1,4,5,2,2,1,1,1,2,2,5,1,3,4,83,78,1,2,1,1,NA,NA,NA,NA,NA,NA,1,NA,NA,2,1,18,2,2,39624,NA,NA,NA,2,NA,NA,NA,NA,1,2,NA,1,NA,NA,NA,1
194,2023-05-03 06:02:54,2023-05-03 06:05:15,0,23.148.216.160,100,141,1,2023-05-03 06:05:16,R_28IhVKH0p3xhYNX,,,,,43.0801,-77.6342,anonymous,EN,1,,0,30,1582-10-14,1,1,1,NA,3,2,2,2,2,4,1,2,3,5,2,1,2,2,2,5,3,2,1,4,83,80,2,2,2,2,NA,NA,NA,NA,NA,NA,1,NA,NA,2,3,4,2,2,12363,NA,NA,NA,NA,2,NA,NA,NA,1,2,NA,1,NA,1,NA,NA
195,2023-05-03 06:02:57,2023-05-03 06:05:25,0,206.251.2.229,100,148,1,2023-05-03 06:05:26,R_3rIKQKXz48kqw6G,,,,,41.1371,-85.0637,anonymous,EN,0.899999976158142,,0,25,1582-10-14,1,2,1,NA,2,2,1,1,1,2,4,1,5,3,1,2,1,2,1,3,4,5,2,1,100,100,1,2,1,2,NA,NA,NA,NA,NA,NA,1,NA,NA,1,1,15,1,2,36980,2,NA,NA,NA,NA,NA,NA,NA,1,2,NA,1,NA,NA,NA,1
196,2023-05-03 06:01:16,2023-05-03 06:05:40,0,2.57.168.183,100,264,1,2023-05-03 06:05:41,R_DHHPDLTmzmgBo1b,,,,,40.3318,-74.055,anonymous,EN,1,,0,115,1582-10-14,1,1,1,NA,1,1,1,1,1,4,2,1,3,5,2,4,2,3,1,4,2,1,5,3,72,83,2,2,2,2,NA,NA,NA,1,NA,NA,NA,NA,NA,1,3,13,2,2,81733,NA,NA,NA,NA,NA,2,NA,NA,1,NA,2,1,1,NA,NA,NA
197,2023-05-03 05:40:23,2023-05-03 06:05:48,0,208.202.239.135,100,1525,1,2023-05-03 06:05:49,R_1psWqEX0aQxrfXD,,,,,26.2462,-80.2652,anonymous,EN,0.899999976158142,,0,0,1582-10-14,1,1,1,NA,1,1,3,2,1,1,3,2,5,4,2,5,1,2,1,4,2,3,5,1,83,65,2,1,2,3,NA,NA,NA,NA,NA,NA,1,NA,NA,1,3,8,2,2,16145,NA,NA,NA,NA,NA,NA,NA,2,1,NA,2,1,NA,1,NA,NA
198,2023-05-03 06:04:28,2023-05-03 06:06:12,0,208.195.160.205,100,104,1,2023-05-03 06:06:13,R_2awWOMA5XCHL8Le,,,,,39.8079,-86.0949,anonymous,EN,1,,0,0,1582-10-14,1,3,NA,2,2,3,2,1,2,1,4,5,2,3,2,2,2,2,1,5,3,4,1,2,65,74,2,2,2,1,NA,NA,NA,NA,NA,NA,1,NA,NA,2,3,13,2,2,28673,NA,NA,NA,NA,NA,NA,NA,2,1,2,NA,1,1,NA,NA,NA
199,2023-05-03 06:04:47,2023-05-03 06:06:16,0,205.149.43.158,100,89,1,2023-05-03 06:06:16,R_2aRimiJh5TLk9bo,,,,,42.9923,-87.9932,anonymous,EN,0.800000011920929,,0,25,1582-10-14,1,1,1,NA,2,2,1,1,1,2,4,1,5,3,2,3,1,1,2,3,5,4,2,1,91,86,1,2,1,2,NA,NA,NA,NA,NA,NA,1,NA,NA,1,3,13,2,2,29368,NA,NA,NA,NA,2,NA,NA,NA,1,NA,2,1,1,NA,NA,NA
200,2023-05-03 06:02:03,2023-05-03 06:06:17,0,172.84.188.145,100,254,1,2023-05-03 06:06:18,R_4OVTxrlgVUJRJ5L,,,,,25.7689,-80.1946,anonymous,EN,0.899999976158142,,0,35,1582-10-14,1,1,1,NA,3,1,2,1,2,1,2,3,5,4,2,4,1,1,2,1,2,5,3,4,81,81,1,2,2,2,NA,NA,NA,NA,NA,NA,1,NA,NA,2,3,38,2,2,81946,NA,NA,NA,NA,NA,NA,2,NA,1,NA,2,1,NA,NA,NA,1
201,2023-05-03 06:04:12,2023-05-03 06:06:24,0,208.194.217.9,100,132,1,2023-05-03 06:06:24,R_1l4qhTVFx7dm8To,,,,,38.6397,-75.6047,anonymous,EN,0.899999976158142,,0,30,1582-10-14,1,2,1,NA,2,2,3,3,2,1,2,5,3,4,2,3,3,2,3,1,3,4,2,5,69,72,2,2,2,2,NA,NA,NA,NA,NA,NA,1,NA,NA,2,1,15,2,2,13117,NA,NA,NA,NA,NA,2,NA,NA,1,NA,2,1,NA,1,NA,NA
202,2023-05-03 05:43:39,2023-05-03 06:06:30,0,23.148.216.53,100,1371,1,2023-05-03 06:06:31,R_SJDehgh6Lg4LO4V,,,,,43.0801,-77.6342,anonymous,EN,1,,0,30,1582-10-14,1,2,1,NA,2,1,2,2,2,5,2,1,3,4,2,3,3,2,3,4,1,2,3,5,92,100,2,2,2,2,NA,NA,NA,NA,NA,NA,1,NA,NA,2,4,20,2,2,83284,2,NA,NA,NA,NA,NA,NA,NA,1,2,NA,1,NA,NA,1,NA
203,2023-05-03 05:56:31,2023-05-03 06:06:33,0,208.195.182.61,100,602,1,2023-05-03 06:06:34,R_1pRNopiwk38nG52,,,,,40.8023,-73.7329,anonymous,EN,1,,0,30,1582-10-14,1,2,1,NA,2,2,1,1,1,3,5,4,2,1,2,2,2,1,1,1,5,3,2,4,90,85,2,2,2,2,NA,NA,NA,NA,NA,NA,1,NA,NA,2,4,10,1,2,26260,NA,2,NA,NA,NA,NA,NA,NA,1,NA,2,1,NA,NA,1,NA
204,2023-05-03 06:05:01,2023-05-03 06:07:07,0,208.194.205.83,100,125,1,2023-05-03 06:07:07,R_2YLG4NGTb1he5WS,,,,,40.7304,-74.2727,anonymous,EN,1,,0,30,1582-10-14,1,2,1,NA,2,2,2,2,2,1,5,4,2,3,2,2,2,2,2,2,1,3,4,5,80,83,3,3,1,2,NA,NA,NA,NA,NA,NA,1,NA,NA,1,1,17,2,2,85956,NA,NA,NA,2,NA,NA,NA,NA,1,2,NA,1,NA,NA,1,NA
205,2023-05-03 06:06:12,2023-05-03 06:07:34,0,208.194.203.122,100,82,1,2023-05-03 06:07:35,R_2wyTausTreffmBH,,,,,40.7304,-74.2727,anonymous,EN,1,,0,30,1582-10-14,1,1,1,NA,2,1,2,2,2,5,3,4,2,1,2,2,1,2,2,1,4,3,2,5,88,94,2,2,2,4,NA,NA,NA,NA,NA,NA,1,NA,NA,1,3,4,2,2,97556,NA,2,NA,NA,NA,NA,NA,NA,1,2,NA,1,NA,1,NA,NA
206,2023-05-03 06:05:53,2023-05-03 06:07:48,0,208.194.207.115,100,114,1,2023-05-03 06:07:49,R_3nVnj8jRZa6QLH3,,,,,40.7304,-74.2727,anonymous,EN,1,,0,30,1582-10-14,1,3,NA,1,2,2,2,2,2,5,1,2,4,3,3,3,3,3,3,2,1,5,4,3,65,65,3,3,1,1,1,NA,NA,NA,NA,NA,NA,NA,NA,2,1,15,2,1,91231,NA,NA,NA,NA,NA,NA,NA,2,1,NA,2,1,1,NA,NA,NA
207,2023-05-03 06:05:32,2023-05-03 06:07:51,0,208.195.178.231,100,138,1,2023-05-03 06:07:51,R_24r2HTZpuzEJyVx,,,,,40.8023,-73.7329,anonymous,EN,1,,0,30,1582-10-14,1,1,1,NA,1,2,1,1,2,5,4,1,3,2,1,1,2,1,2,1,3,2,5,4,85,89,1,NA,1,1,NA,NA,NA,NA,NA,NA,1,NA,NA,2,1,18,2,2,28306,NA,NA,NA,NA,NA,NA,2,NA,1,NA,2,1,NA,1,NA,NA
208,2023-05-03 06:03:23,2023-05-03 06:07:55,0,192.126.241.144,100,272,1,2023-05-03 06:07:56,R_2eWfYVVCWDRtfGy,,,,,47.63,-122.2972,anonymous,EN,0.899999976158142,,0,105,1582-10-14,1,1,1,NA,2,1,2,1,2,2,3,1,5,4,2,2,2,1,1,5,1,4,2,3,82,84,1,2,1,1,NA,NA,NA,NA,NA,NA,1,NA,NA,2,1,17,2,2,55526,NA,NA,2,NA,NA,NA,NA,NA,1,2,NA,1,NA,NA,NA,1
209,2023-05-03 05:58:27,2023-05-03 06:07:56,0,168.158.126.36,100,569,1,2023-05-03 06:07:57,R_YQEJlyLubu3HWEh,,,,,37.751,-97.822,anonymous,EN,0.800000011920929,,0,30,1582-10-14,1,3,NA,2,2,1,1,2,1,5,3,2,1,4,1,5,1,1,1,3,2,5,1,4,79,88,1,1,2,2,NA,NA,NA,NA,NA,NA,1,NA,NA,2,4,14,2,2,27062,NA,NA,NA,NA,NA,2,NA,NA,1,2,NA,1,NA,NA,NA,1
210,2023-05-03 06:06:24,2023-05-03 06:08:04,0,208.194.215.116,100,100,1,2023-05-03 06:08:04,R_21umLaYN69f2DKX,,,,,41.9853,-71.5184,anonymous,EN,1,,0,30,1582-10-14,1,3,NA,1,2,4,4,2,2,5,2,4,3,1,3,2,3,3,2,1,2,3,5,4,30,18,2,2,4,3,1,NA,NA,NA,NA,NA,NA,NA,NA,2,1,7,2,2,53749,NA,NA,NA,NA,NA,NA,2,NA,1,NA,2,1,1,NA,NA,NA
211,2023-05-03 06:06:42,2023-05-03 06:08:12,0,208.195.184.77,100,90,1,2023-05-03 06:08:13,R_WjJZvNDmkiXMNjP,,,,,40.8023,-73.7329,anonymous,EN,1,,0,30,1582-10-14,1,2,1,NA,2,3,3,3,2,4,2,3,5,1,3,2,2,3,3,4,1,5,2,3,76,75,2,2,2,2,NA,NA,NA,NA,NA,NA,1,NA,NA,NA,1,15,2,2,65926,NA,NA,NA,2,NA,NA,NA,NA,1,2,NA,1,NA,1,NA,NA
212,2023-05-03 06:04:16,2023-05-03 06:08:20,0,204.10.83.118,100,244,1,2023-05-03 06:08:21,R_1IL4r6P5GkuUNz7,,,,,41.5798,-72.5004,anonymous,EN,0.899999976158142,,0,10,1582-10-14,1,1,1,NA,3,2,3,1,1,2,1,3,4,5,2,3,1,1,2,5,2,3,4,1,55,63,2,1,2,2,NA,NA,NA,NA,NA,NA,1,NA,NA,1,3,20,1,2,37037,2,NA,NA,NA,NA,NA,NA,NA,1,2,NA,1,NA,NA,NA,1
213,2023-05-03 06:07:07,2023-05-03 06:08:39,0,208.196.109.74,100,92,1,2023-05-03 06:08:40,R_3QG0rzJibcUNTzB,,,,,26.3477,-80.1094,anonymous,EN,1,,0,30,1582-10-14,1,2,1,NA,3,3,3,4,3,3,2,1,5,4,3,3,4,3,3,2,1,5,3,4,37,71,3,3,2,3,NA,NA,NA,NA,NA,NA,1,NA,NA,1,4,13,1,1,73742,NA,NA,2,NA,NA,NA,NA,NA,1,NA,2,1,NA,NA,1,NA
214,2023-05-03 06:07:15,2023-05-03 06:08:43,0,208.196.102.26,100,88,1,2023-05-03 06:08:44,R_10rcQJIaT8OL8ug,,,,,26.3477,-80.1094,anonymous,EN,1,,0,0,1582-10-14,1,1,1,NA,2,1,2,1,2,5,3,4,2,1,2,2,2,1,1,2,5,1,4,3,92,93,2,1,1,1,NA,NA,NA,NA,NA,NA,1,NA,NA,1,3,13,2,2,20367,2,NA,NA,NA,NA,NA,NA,NA,1,2,NA,1,NA,NA,1,NA
215,2023-05-03 06:05:16,2023-05-03 06:08:45,0,208.194.207.184,100,209,1,2023-05-03 06:08:46,R_2dupeX2ysl6B26j,,,,,40.7304,-74.2727,anonymous,EN,1,,0,30,1582-10-14,1,2,1,NA,2,2,2,2,2,1,4,2,5,3,2,2,2,2,2,2,1,4,5,3,78,84,3,3,1,2,NA,NA,NA,NA,NA,NA,1,NA,NA,1,1,18,2,2,30029,NA,NA,NA,NA,2,NA,NA,NA,1,2,NA,1,NA,NA,NA,1
216,2023-05-03 05:40:40,2023-05-03 06:08:49,0,208.196.124.39,100,1689,1,2023-05-03 06:08:50,R_Rr7WzmIXvLxMu0p,,,,,26.3051,-80.2447,anonymous,EN,1,,0,0,1582-10-14,1,1,1,NA,3,1,3,2,2,3,4,5,2,1,5,5,1,5,5,1,2,3,4,5,70,80,2,1,2,2,NA,NA,NA,NA,NA,NA,1,NA,NA,2,3,8,2,2,69872,NA,NA,NA,NA,NA,NA,NA,2,1,2,NA,1,NA,1,NA,NA
217,2023-05-03 06:01:42,2023-05-03 06:08:53,0,207.228.54.39,100,431,1,2023-05-03 06:08:54,R_zZT00Fysht58qGZ,,,,,36.175,-115.1372,anonymous,EN,1,,0,60,1582-10-14,1,1,1,NA,5,4,5,5,5,2,5,3,4,1,2,2,2,2,1,3,1,2,5,4,86,76,2,2,1,1,1,NA,NA,NA,NA,NA,NA,NA,NA,1,4,17,1,2,27416,NA,NA,NA,NA,NA,NA,NA,2,1,NA,2,1,NA,NA,1,NA
218,2023-05-03 06:07:19,2023-05-03 06:09:27,0,208.195.188.17,100,128,1,2023-05-03 06:09:28,R_1cYbelVQtTAPUI2,,,,,40.8023,-73.7329,anonymous,EN,1,,0,30,1582-10-14,1,2,1,NA,3,3,3,2,2,2,5,3,1,4,3,3,2,2,3,4,2,5,1,3,70,75,2,2,2,3,NA,NA,NA,NA,NA,NA,1,NA,NA,2,1,15,2,2,82095,2,NA,NA,NA,NA,NA,NA,NA,1,NA,2,1,1,NA,NA,NA
219,2023-05-03 06:04:37,2023-05-03 06:09:29,0,204.242.181.17,100,292,1,2023-05-03 06:09:30,R_25ZrFpO8sOHChXv,,,,,35.1243,-78.8979,anonymous,EN,NA,,0,0,1582-10-14,1,2,2,NA,1,3,1,2,2,2,3,5,1,4,2,1,2,1,3,1,4,3,5,2,81,71,1,2,2,2,NA,NA,NA,NA,NA,NA,1,NA,NA,2,3,13,2,2,16080,NA,2,NA,NA,NA,NA,NA,NA,1,2,NA,1,NA,1,NA,NA
220,2023-05-03 06:08:04,2023-05-03 06:09:36,0,208.194.201.231,100,92,1,2023-05-03 06:09:37,R_qFn2TxjqYkH7wJz,,,,,40.7304,-74.2727,anonymous,EN,1,,0,30,1582-10-14,1,2,1,NA,1,2,1,2,2,4,3,2,5,1,2,2,1,2,2,5,4,2,3,1,82,73,2,2,4,2,NA,NA,NA,NA,NA,NA,1,NA,NA,1,1,16,1,2,78732,NA,NA,NA,NA,NA,NA,2,NA,1,NA,2,1,NA,1,NA,NA
221,2023-05-03 05:57:56,2023-05-03 06:09:41,0,23.148.216.1,100,705,1,2023-05-03 06:09:42,R_yW4Q3WcfYcED0tP,,,,,43.0801,-77.6342,anonymous,EN,0.899999976158142,,0,50,1582-10-14,1,1,1,NA,2,1,1,3,2,3,1,4,2,5,2,2,1,1,3,5,2,3,1,4,77,93,1,2,1,2,NA,NA,NA,NA,NA,NA,1,NA,NA,2,2,14,2,2,19143,NA,2,NA,NA,NA,NA,NA,NA,1,NA,2,1,NA,NA,NA,1
222,2023-05-03 06:07:51,2023-05-03 06:09:50,0,208.195.169.124,100,118,1,2023-05-03 06:09:51,R_CknEr5VkPdkQ2UF,,,,,40.8023,-73.7329,anonymous,EN,1,,0,0,1582-10-14,1,3,NA,2,1,2,2,2,2,3,4,5,2,1,1,1,2,2,2,2,4,3,5,1,66,77,2,2,2,1,NA,NA,NA,NA,NA,NA,1,NA,NA,2,3,13,2,2,97046,NA,NA,2,NA,NA,NA,NA,NA,1,NA,2,1,NA,NA,1,NA
223,2023-05-03 06:00:38,2023-05-03 06:10:16,0,207.246.68.106,100,577,1,2023-05-03 06:10:17,R_qIzmW8zFWOX13kR,,,,,25.8119,-80.2318,anonymous,EN,0.899999976158142,,0,25,1582-10-14,1,1,1,NA,2,3,2,1,1,1,5,4,2,3,3,5,1,2,2,1,3,5,2,4,71,74,1,2,2,3,NA,NA,NA,NA,NA,NA,1,NA,NA,1,3,21,1,2,61479,NA,2,NA,NA,NA,NA,NA,NA,1,NA,2,1,NA,NA,1,NA
224,2023-05-03 05:59:58,2023-05-03 06:10:17,0,207.228.24.8,100,618,1,2023-05-03 06:10:18,R_25L2uSm0YiAaeh0,,,,,39.6732,-75.7121,anonymous,EN,1,,0,0,1582-10-14,1,2,1,NA,4,1,4,1,1,2,1,4,5,3,2,2,1,2,2,2,3,1,5,4,98,28,1,1,2,2,NA,NA,NA,NA,NA,NA,1,NA,NA,2,4,29,2,2,58337,NA,NA,NA,NA,2,NA,NA,NA,1,NA,2,1,NA,1,NA,NA
225,2023-05-03 06:08:45,2023-05-03 06:10:26,0,208.194.208.241,100,100,1,2023-05-03 06:10:26,R_2f1iuga1qRiwPQW,,,,,41.9853,-71.5184,anonymous,EN,1,,0,30,1582-10-14,1,3,NA,1,2,2,4,2,2,5,1,2,3,4,2,2,2,2,2,1,4,3,2,5,37,35,2,2,4,3,1,NA,NA,NA,NA,NA,NA,NA,NA,2,1,7,2,2,67875,NA,NA,NA,NA,NA,NA,NA,2,1,NA,2,1,NA,NA,NA,1
226,2023-05-03 05:37:47,2023-05-03 06:11:26,0,185.14.237.70,100,2018,1,2023-05-03 06:11:27,R_2OMVcakNaJrYrJ0,,,,,38.6583,-77.2481,anonymous,EN,0.899999976158142,,0,0,1582-10-14,1,2,1,NA,4,1,4,1,1,2,4,1,5,3,2,4,1,2,2,4,2,3,5,1,70,71,1,1,1,1,NA,NA,NA,NA,NA,NA,1,NA,NA,1,4,29,2,2,60661,NA,NA,NA,2,NA,NA,NA,NA,1,2,NA,1,NA,NA,NA,1
227,2023-05-03 06:04:56,2023-05-03 06:12:00,0,208.196.97.250,100,423,1,2023-05-03 06:12:01,R_2PhWVFEt4vy47za,,,,,26.3477,-80.1094,anonymous,EN,1,,0,0,1582-10-14,1,3,NA,2,1,1,2,2,2,3,4,1,2,5,2,2,2,2,2,1,4,5,3,2,65,73,2,2,1,1,NA,NA,NA,NA,NA,NA,1,NA,NA,2,3,13,2,2,78418,NA,NA,NA,NA,NA,2,NA,NA,1,NA,2,1,NA,NA,NA,1
228,2023-05-03 06:10:19,2023-05-03 06:12:04,0,208.196.106.92,100,104,1,2023-05-03 06:12:04,R_2VjqGw0IWLOjiUe,,,,,26.3477,-80.1094,anonymous,EN,1,,0,30,1582-10-14,1,1,1,NA,3,3,4,3,3,4,5,3,2,1,3,3,4,3,4,5,2,3,1,4,43,58,4,5,1,3,NA,NA,NA,NA,NA,NA,1,NA,NA,1,4,13,1,1,55533,NA,NA,NA,NA,2,NA,NA,NA,1,2,NA,1,NA,NA,1,NA
229,2023-05-03 06:07:11,2023-05-03 06:12:10,0,208.202.234.29,100,299,1,2023-05-03 06:12:11,R_2aW6NeBE9Ge8dCL,,,,,26.2462,-80.2652,anonymous,EN,1,,0,30,1582-10-14,1,2,1,NA,2,2,1,1,2,3,5,1,4,2,1,2,2,2,2,3,5,1,2,4,91,100,2,2,2,3,NA,NA,NA,NA,NA,NA,1,NA,NA,2,NA,20,2,2,77422,NA,2,NA,NA,NA,NA,NA,NA,1,2,NA,1,1,NA,NA,NA
230,2023-05-03 06:10:02,2023-05-03 06:12:31,0,23.148.216.161,100,149,1,2023-05-03 06:12:32,R_2ux5aPej9Nkd6hm,,,,,43.0801,-77.6342,anonymous,EN,1,,0,30,1582-10-14,1,1,1,NA,2,2,3,1,1,5,3,2,4,1,2,2,1,1,1,4,2,5,1,3,78,57,1,2,2,1,NA,NA,NA,NA,NA,NA,1,NA,NA,2,3,16,2,2,88130,NA,NA,NA,NA,NA,NA,NA,2,1,NA,2,1,NA,NA,NA,1
231,2023-05-03 06:12:24,2023-05-03 06:13:50,0,208.196.111.120,100,86,1,2023-05-03 06:13:51,R_1P759OGoBVBcce7,,,,,26.3477,-80.1094,anonymous,EN,1,,0,30,1582-10-14,1,1,1,NA,3,3,3,4,5,3,5,4,2,1,3,4,3,4,3,1,4,2,5,3,49,70,3,4,2,2,NA,NA,NA,NA,NA,NA,1,NA,NA,1,4,13,1,1,70139,NA,2,NA,NA,NA,NA,NA,NA,1,2,NA,1,NA,NA,NA,1
232,2023-05-03 06:07:27,2023-05-03 06:14:24,0,208.194.201.238,100,417,1,2023-05-03 06:14:25,R_bacrUSvz2sJ1rUZ,,,,,40.7304,-74.2727,anonymous,EN,1,,0,30,1582-10-14,1,2,1,NA,1,2,1,2,2,2,1,4,3,5,1,1,2,2,2,4,2,3,5,1,89,83,2,1,4,2,NA,NA,NA,NA,NA,NA,1,NA,NA,1,1,16,1,2,81717,2,NA,NA,NA,NA,NA,NA,NA,1,2,NA,1,1,NA,NA,NA
233,2023-05-03 06:11:56,2023-05-03 06:14:43,0,208.194.209.48,100,166,1,2023-05-03 06:14:43,R_xllFsK9icCTQBfX,,,,,41.9853,-71.5184,anonymous,EN,1,,0,30,1582-10-14,1,3,NA,1,2,2,2,2,2,5,4,2,1,3,3,3,3,3,3,1,4,2,3,5,67,67,3,3,1,1,1,NA,NA,NA,NA,NA,NA,NA,NA,2,1,15,2,1,96900,NA,NA,NA,NA,2,NA,NA,NA,1,NA,2,1,NA,NA,NA,1
234,2023-05-03 06:09:11,2023-05-03 06:14:47,0,81.161.4.203,100,335,1,2023-05-03 06:14:47,R_110UZRxy5r9pG5c,,,,,40.7662,-74.0178,anonymous,EN,1,,0,35,1582-10-14,1,1,1,NA,3,1,3,2,2,5,4,1,3,2,2,4,1,1,2,3,4,5,1,2,59,78,2,2,2,2,NA,NA,NA,NA,NA,NA,1,NA,NA,1,3,24,1,2,49344,NA,NA,NA,2,NA,NA,NA,NA,1,NA,2,1,NA,1,NA,NA
235,2023-05-03 06:12:31,2023-05-03 06:14:53,0,208.195.174.236,100,141,1,2023-05-03 06:14:54,R_ODv4d2aIeuDDcCB,,,,,41.0641,-73.548,anonymous,EN,NA,,0,0,1582-10-14,1,3,NA,2,1,1,2,2,2,3,2,5,4,1,2,2,2,2,1,3,2,5,1,4,62,73,2,2,2,1,NA,NA,NA,NA,NA,NA,1,NA,NA,1,3,13,2,2,16270,NA,NA,NA,NA,NA,NA,2,NA,1,NA,2,1,NA,NA,1,NA
236,2023-05-03 06:13:07,2023-05-03 06:14:54,0,208.195.183.33,100,106,1,2023-05-03 06:14:54,R_3gZ1jJyhhBWi0iU,,,,,40.8023,-73.7329,anonymous,EN,1,,0,30,1582-10-14,1,2,1,NA,4,2,3,3,2,3,2,4,5,1,2,2,2,2,2,2,3,1,5,4,73,70,2,2,2,2,NA,NA,NA,NA,NA,NA,1,NA,NA,2,1,15,2,2,26172,NA,NA,NA,2,NA,NA,NA,NA,1,NA,2,1,NA,NA,NA,1
237,2023-05-03 06:12:38,2023-05-03 06:15:10,0,63.92.70.62,100,152,1,2023-05-03 06:15:11,R_xouv3JLG1tf7ub7,,,,,41.9032,-87.6383,anonymous,EN,0.899999976158142,,0,55,1582-10-14,1,1,1,NA,1,2,2,1,2,4,3,1,2,5,1,3,1,2,2,5,3,2,4,1,55,68,3,2,2,1,NA,NA,NA,NA,NA,NA,1,NA,NA,2,3,8,2,2,54632,NA,NA,NA,NA,NA,2,NA,NA,1,2,NA,1,NA,NA,1,NA
238,2023-05-03 06:14:46,2023-05-03 06:16:07,0,208.196.99.98,100,81,1,2023-05-03 06:16:08,R_3nC2dM9CEcqUjyS,,,,,26.3477,-80.1094,anonymous,EN,0.899999976158142,,0,30,1582-10-14,1,2,1,NA,3,5,3,3,3,3,5,4,1,2,4,4,4,3,5,5,2,3,1,4,32,64,3,4,2,2,NA,NA,NA,NA,NA,NA,1,NA,NA,1,4,13,1,1,32655,NA,NA,NA,2,NA,NA,NA,NA,1,NA,2,1,NA,NA,1,NA
239,2023-05-03 05:57:22,2023-05-03 06:16:18,0,208.194.210.132,100,1136,1,2023-05-03 06:16:19,R_3ESaAunbmA2xZCc,,,,,41.9853,-71.5184,anonymous,EN,1,,0,30,1582-10-14,1,1,1,NA,2,1,2,2,1,5,3,4,2,1,1,2,2,1,2,1,5,3,4,2,76,66,2,2,2,2,NA,NA,NA,NA,NA,NA,1,NA,NA,2,1,18,3,2,44031,NA,NA,2,NA,NA,NA,NA,NA,1,2,NA,1,NA,NA,1,NA
240,2023-05-03 06:14:40,2023-05-03 06:16:36,0,208.194.209.90,100,116,1,2023-05-03 06:16:37,R_3QDatNipz7Dbc9M,,,,,41.9853,-71.5184,anonymous,EN,1,,0,30,1582-10-14,1,2,1,NA,2,2,2,2,2,3,4,2,5,1,2,3,2,2,3,5,2,4,3,1,80,78,2,2,4,2,NA,NA,NA,NA,NA,NA,1,NA,NA,1,1,15,1,2,25554,NA,NA,NA,NA,2,NA,NA,NA,1,2,NA,1,NA,NA,NA,1
241,2023-05-03 06:15:23,2023-05-03 06:16:37,0,208.196.124.18,100,73,1,2023-05-03 06:16:38,R_22CXkvn9LRZRX4w,,,,,26.3051,-80.2447,anonymous,EN,1,,0,0,1582-10-14,1,3,NA,2,1,1,2,2,2,3,4,1,2,5,2,2,1,2,3,5,2,4,1,3,71,74,2,2,2,1,NA,NA,NA,NA,NA,NA,1,NA,NA,1,3,13,2,2,33992,NA,NA,2,NA,NA,NA,NA,NA,1,NA,2,1,NA,NA,NA,1
242,2023-05-03 06:14:36,2023-05-03 06:16:49,0,208.194.202.101,100,132,1,2023-05-03 06:16:49,R_SDnfhhSvx87QVkR,,,,,40.7304,-74.2727,anonymous,EN,1,,0,30,1582-10-14,1,2,1,NA,2,1,2,1,2,4,5,1,2,3,4,5,1,4,5,5,4,1,3,2,69,57,2,1,1,1,NA,NA,NA,NA,NA,NA,1,NA,NA,2,1,17,2,2,15970,NA,NA,NA,NA,NA,2,NA,NA,1,NA,2,1,1,NA,NA,NA
243,2023-05-03 06:16:36,2023-05-03 06:18:43,0,208.195.187.6,100,126,1,2023-05-03 06:18:43,R_1NyxbPHzMaqVvLV,,,,,40.8023,-73.7329,anonymous,EN,1,,0,30,1582-10-14,1,2,1,NA,3,2,3,2,3,5,1,4,2,3,3,3,3,4,2,3,2,4,5,1,67,72,2,2,2,2,NA,NA,NA,NA,NA,NA,1,NA,NA,2,1,15,2,2,71142,NA,NA,NA,NA,NA,NA,NA,2,1,2,NA,1,NA,NA,1,NA
244,2023-05-03 06:15:47,2023-05-03 06:19:08,0,63.92.70.102,100,201,1,2023-05-03 06:19:09,R_1dFbW7HJ2TWWFD0,,,,,41.9032,-87.6383,anonymous,EN,0.699999988079071,,0,55,1582-10-14,1,1,1,NA,2,1,2,1,3,4,5,1,2,3,2,2,1,3,2,1,3,2,4,5,43,53,3,2,2,1,NA,NA,NA,NA,NA,NA,1,NA,NA,2,3,8,2,2,39333,NA,2,NA,NA,NA,NA,NA,NA,1,2,NA,1,NA,1,NA,NA
245,2023-05-03 06:02:27,2023-05-03 06:19:53,0,155.193.129.112,100,1046,1,2023-05-03 06:19:54,R_2uwzNnoI9Po6Jbt,,,,,37.751,-97.822,anonymous,EN,1,,0,35,1582-10-14,1,1,1,NA,1,2,2,1,1,2,4,1,5,3,1,4,1,2,2,3,4,1,5,2,74,94,2,2,1,2,NA,NA,NA,NA,NA,NA,1,NA,NA,2,3,49,2,2,11148,NA,NA,NA,NA,NA,2,NA,NA,1,2,NA,1,1,NA,NA,NA
246,2023-05-03 06:17:08,2023-05-03 06:19:57,0,205.149.58.186,100,168,1,2023-05-03 06:19:57,R_1gqd2xI9YPGC6k2,,,,,38.821,-78.5658,anonymous,EN,0.699999988079071,,0,35,1582-10-14,1,1,1,NA,1,2,2,2,1,2,5,1,4,3,3,2,2,2,3,2,1,4,3,5,71,76,1,2,1,2,NA,NA,NA,NA,NA,NA,1,NA,NA,1,4,13,2,2,39384,NA,NA,NA,NA,NA,NA,2,NA,1,2,NA,1,NA,NA,NA,1
247,2023-05-03 06:17:21,2023-05-03 06:20:05,0,208.196.123.133,100,164,1,2023-05-03 06:20:05,R_z2WTf0KPNVuxpHX,,,,,26.3051,-80.2447,anonymous,EN,NA,,0,0,1582-10-14,1,3,NA,2,2,2,1,2,1,3,1,4,5,2,2,2,3,2,2,1,5,3,4,2,68,79,2,2,2,1,NA,NA,NA,NA,NA,NA,1,NA,NA,2,3,13,2,2,59848,NA,NA,NA,2,NA,NA,NA,NA,1,NA,2,1,NA,NA,1,NA
248,2023-05-03 05:38:48,2023-05-03 06:21:25,0,73.214.34.193,100,2556,1,2023-05-03 06:21:26,R_3I3lHwLnH7AhESg,,,,,39.9877,-81.1346,anonymous,EN,1,,0,0,1582-10-14,1,1,2,NA,1,1,4,1,1,3,5,2,1,4,1,1,2,3,2,4,2,1,5,3,80,70,2,1,2,3,NA,NA,NA,NA,NA,NA,1,NA,NA,2,3,23,2,2,43961,2,NA,NA,NA,NA,NA,NA,NA,1,2,NA,1,NA,NA,1,NA
249,2023-05-03 06:17:39,2023-05-03 06:22:39,0,208.194.213.44,100,300,1,2023-05-03 06:22:40,R_3nOcByw6VG14HJN,,,,,29.7646,-95.3657,anonymous,EN,1,,0,30,1582-10-14,1,3,NA,1,2,1,1,3,3,3,5,2,1,4,1,4,2,3,1,5,4,1,3,2,55,82,2,3,2,1,NA,NA,NA,NA,NA,NA,1,NA,NA,2,3,12,1,2,66296,NA,NA,NA,NA,NA,NA,NA,2,1,2,NA,1,NA,NA,NA,1
250,2023-05-03 06:21:07,2023-05-03 06:25:23,0,204.242.180.233,100,256,1,2023-05-03 06:25:24,R_2BzCalkCnG4zE4F,,,,,40.7265,-74.1782,anonymous,EN,0.899999976158142,,0,10,1582-10-14,1,2,2,NA,2,1,1,2,1,4,5,1,2,3,1,1,2,2,2,2,4,5,1,3,71,82,1,2,2,2,NA,NA,NA,NA,NA,NA,1,NA,NA,1,3,13,2,2,61474,2,NA,NA,NA,NA,NA,NA,NA,1,NA,2,1,NA,NA,NA,1
251,2023-05-03 06:16:41,2023-05-03 06:26:00,0,208.195.181.48,100,559,1,2023-05-03 06:26:01,R_31ixHrnZ8BlPMu7,,,,,40.8023,-73.7329,anonymous,EN,1,,0,30,1582-10-14,1,1,1,NA,2,2,1,1,2,2,4,1,3,5,2,2,1,1,1,4,5,2,1,3,78,49,2,1,2,2,NA,NA,NA,NA,NA,NA,1,NA,NA,2,1,18,2,2,98870,NA,NA,2,NA,NA,NA,NA,NA,1,NA,2,1,NA,NA,NA,1
252,2023-05-03 05:58:37,2023-05-03 06:27:04,0,208.196.121.107,100,1706,1,2023-05-03 06:27:05,R_BQDOXwWA2RtLFzH,,,,,26.3051,-80.2447,anonymous,EN,1,,0,30,1582-10-14,1,3,NA,1,3,1,2,3,1,2,4,3,5,1,2,1,1,3,2,1,2,5,3,4,49,82,1,3,1,3,NA,NA,NA,NA,NA,NA,1,NA,NA,2,3,15,1,2,96277,NA,NA,NA,NA,NA,NA,2,NA,1,2,NA,1,NA,1,NA,NA
253,2023-05-03 06:17:16,2023-05-03 06:27:09,0,208.194.203.220,100,592,1,2023-05-03 06:27:10,R_3CUXizgI5ybBUGv,,,,,40.7304,-74.2727,anonymous,EN,1,,0,30,1582-10-14,1,2,1,NA,2,2,1,1,2,5,2,3,1,4,1,2,1,2,2,3,2,1,4,5,68,59,2,1,2,2,NA,NA,NA,NA,NA,NA,1,NA,NA,2,1,13,2,2,46509,NA,2,NA,NA,NA,NA,NA,NA,1,NA,2,1,NA,1,NA,NA
254,2023-05-03 06:27:59,2023-05-03 06:29:09,0,208.195.191.0,100,69,1,2023-05-03 06:29:09,R_3I6un5KGujMFvW1,,,,,40.8023,-73.7329,anonymous,EN,1,,0,30,1582-10-14,1,2,1,NA,2,2,2,2,2,3,5,1,2,4,2,2,3,2,2,5,2,1,4,3,79,85,2,1,4,4,NA,NA,NA,NA,NA,NA,1,NA,NA,1,1,16,1,2,24507,NA,NA,NA,NA,2,NA,NA,NA,1,NA,2,1,1,NA,NA,NA
255,2023-05-03 06:21:59,2023-05-03 06:29:46,0,63.160.189.231,100,466,1,2023-05-03 06:29:46,R_CmHNj7Qw9c5ICtP,,,,,37.751,-97.822,anonymous,EN,NA,,0,25,1582-10-14,1,1,1,NA,4,1,3,1,1,2,4,5,1,3,2,5,1,2,2,2,1,5,3,4,91,95,3,3,2,2,NA,NA,NA,NA,NA,NA,1,NA,NA,1,3,14,2,2,54278,NA,NA,NA,NA,2,NA,NA,NA,1,NA,2,1,NA,NA,NA,1
256,2023-05-03 06:21:26,2023-05-03 06:30:07,0,71.199.56.213,100,520,1,2023-05-03 06:30:07,R_OOtI47C5qTokKs1,,,,,41.0396,-111.9361,anonymous,EN,1,,0,0,1582-10-14,1,2,1,NA,4,2,3,4,2,5,1,4,2,3,2,2,2,4,2,4,2,1,5,3,53,32,2,2,3,2,NA,NA,NA,NA,NA,NA,1,NA,NA,2,3,23,2,2,53241,NA,NA,NA,NA,NA,2,NA,NA,1,2,NA,1,NA,NA,1,NA
257,2023-05-03 05:58:53,2023-05-03 06:31:44,0,23.148.216.21,100,1970,1,2023-05-03 06:31:44,R_2D2hvXP0qfPqSOP,,,,,43.0801,-77.6342,anonymous,EN,1,,0,50,1582-10-14,1,3,NA,1,3,2,1,1,4,2,3,1,4,5,4,1,3,2,1,5,1,2,3,4,56,79,1,2,2,3,NA,NA,NA,NA,NA,NA,1,NA,NA,2,3,12,1,2,83021,NA,2,NA,NA,NA,NA,NA,NA,1,NA,2,1,1,NA,NA,NA
258,2023-05-03 06:29:38,2023-05-03 06:33:02,0,50.33.244.139,100,204,1,2023-05-03 06:33:03,R_3KJTFAI44mqxZS5,,,,,43.1963,-86.2717,anonymous,EN,1,,0,0,1582-10-14,1,2,2,NA,2,1,4,3,1,3,4,2,1,5,5,5,3,5,3,5,3,1,2,4,50,38,4,4,3,3,NA,NA,NA,NA,NA,NA,1,NA,NA,2,3,16,2,2,95557,NA,NA,NA,2,NA,NA,NA,NA,1,NA,2,1,NA,NA,NA,1
259,2023-05-03 06:32:06,2023-05-03 06:34:57,0,23.148.216.181,100,171,1,2023-05-03 06:34:58,R_24Ml9XeDN4sl8bS,,,,,43.0801,-77.6342,anonymous,EN,1,,0,30,1582-10-14,1,1,1,NA,1,1,2,1,1,1,3,5,4,2,1,2,1,1,1,4,2,3,1,5,96,99,1,1,1,2,NA,NA,NA,NA,NA,NA,1,NA,NA,2,4,8,2,2,24313,NA,NA,NA,NA,NA,2,NA,NA,1,2,NA,1,NA,1,NA,NA
260,2023-05-03 06:33:21,2023-05-03 06:36:08,0,208.195.179.229,100,166,1,2023-05-03 06:36:08,R_2ylLHe1o5zxcCvy,,,,,40.8023,-73.7329,anonymous,EN,1,,0,30,1582-10-14,1,1,1,NA,2,2,4,2,1,1,4,2,3,5,2,1,2,2,2,1,3,2,5,4,72,72,2,2,2,2,NA,NA,NA,NA,NA,NA,1,NA,NA,1,4,15,1,2,12458,2,NA,NA,NA,NA,NA,NA,NA,1,NA,2,1,1,NA,NA,NA
261,2023-05-03 06:36:01,2023-05-03 06:37:55,0,208.195.160.11,100,113,1,2023-05-03 06:37:56,R_9N7lMmGxOsKOAlb,,,,,39.8079,-86.0949,anonymous,EN,1,,0,30,1582-10-14,1,2,1,NA,1,2,2,2,2,4,3,5,1,2,2,2,1,2,1,5,1,3,4,2,89,90,1,1,1,1,NA,NA,NA,NA,NA,NA,1,NA,NA,2,3,13,1,1,44460,2,NA,NA,NA,NA,NA,NA,NA,1,NA,2,1,NA,1,NA,NA
262,2023-05-03 06:36:19,2023-05-03 06:38:33,0,121.91.230.55,100,133,1,2023-05-03 06:38:34,R_1PbLfnx7cM6Qode,,,,,39.0064,-77.4199,anonymous,EN,1,,0,35,1582-10-14,1,1,1,NA,1,2,3,2,1,3,4,5,2,1,2,1,2,1,1,2,3,4,5,1,81,76,1,2,1,2,NA,NA,NA,NA,NA,NA,1,NA,NA,1,3,42,2,2,64065,NA,NA,NA,NA,NA,NA,NA,2,1,2,NA,1,1,NA,NA,NA
263,2023-05-03 06:38:48,2023-05-03 06:41:17,0,208.195.178.185,100,148,1,2023-05-03 06:41:17,R_2YkVJxzNM8opBXO,,,,,40.8023,-73.7329,anonymous,EN,0.800000011920929,,0,50,1582-10-14,1,1,1,NA,3,3,2,2,2,2,4,3,1,5,2,4,2,3,1,1,5,3,2,4,38,68,2,3,3,2,NA,NA,NA,NA,NA,NA,1,NA,NA,2,3,18,2,2,24286,NA,NA,2,NA,NA,NA,NA,NA,1,NA,2,1,1,NA,NA,NA
264,2023-05-03 06:39:03,2023-05-03 06:41:33,0,207.228.55.169,100,150,1,2023-05-03 06:41:34,R_1mx6Lm8w2JZHPeP,,,,,37.7886,-79.4548,anonymous,EN,1,,0,0,1582-10-14,1,3,NA,2,2,1,1,2,1,4,1,3,2,5,3,3,2,2,2,2,4,5,1,3,73,66,1,1,1,1,NA,NA,NA,NA,NA,NA,1,NA,NA,2,4,10,2,2,82566,NA,2,NA,NA,NA,NA,NA,NA,1,2,NA,1,NA,NA,NA,1
265,2023-05-03 06:39:13,2023-05-03 06:43:37,0,63.92.64.12,100,264,1,2023-05-03 06:43:38,R_1M6AcvzURJfxB3D,,,,,41.8482,-87.6521,anonymous,EN,0.899999976158142,,0,55,1582-10-14,1,1,1,NA,2,2,3,1,2,5,4,3,2,1,2,4,3,1,2,1,4,2,3,5,63,56,2,2,2,2,NA,NA,NA,NA,NA,NA,1,NA,NA,2,3,9,1,1,99397,NA,NA,NA,NA,NA,2,NA,NA,1,NA,2,1,1,NA,NA,NA
266,2023-05-03 06:39:32,2023-05-03 06:43:42,0,206.251.1.170,100,250,1,2023-05-03 06:43:42,R_3kEZYUyK39mwVYu,,,,,39.1546,-75.4953,anonymous,EN,0.800000011920929,,0,25,1582-10-14,1,2,2,NA,3,2,4,2,2,1,2,3,4,5,3,4,2,3,2,1,5,3,4,2,77,70,2,2,2,1,NA,NA,NA,NA,NA,NA,1,NA,NA,2,4,21,2,2,18092,NA,NA,NA,2,NA,NA,NA,NA,1,2,NA,1,NA,1,NA,NA
267,2023-05-03 06:41:29,2023-05-03 06:45:00,0,208.195.185.80,100,210,1,2023-05-03 06:45:01,R_1i81XnrY8pBU8GF,,,,,40.8023,-73.7329,anonymous,EN,0.899999976158142,,0,30,1582-10-14,1,2,1,NA,3,2,2,4,2,1,4,2,5,3,4,4,5,4,4,1,2,4,5,3,47,44,5,2,2,2,NA,NA,NA,NA,NA,NA,1,NA,NA,1,1,13,1,1,77174,NA,NA,2,NA,NA,NA,NA,NA,1,NA,2,1,NA,NA,NA,1
268,2023-05-03 06:42:48,2023-05-03 06:45:01,0,208.194.204.121,100,133,1,2023-05-03 06:45:02,R_R3OH7N5L9ENDYsN,,,,,40.7304,-74.2727,anonymous,EN,1,,0,30,1582-10-14,1,3,NA,1,2,2,2,2,2,4,5,3,2,1,2,2,2,2,2,3,5,4,1,2,65,65,3,3,1,1,1,NA,NA,NA,NA,NA,NA,NA,NA,2,1,15,2,1,65488,NA,2,NA,NA,NA,NA,NA,NA,1,NA,2,1,1,NA,NA,NA
269,2023-05-03 06:40:04,2023-05-03 06:46:37,0,88.216.251.77,100,393,1,2023-05-03 06:46:38,R_1IKpfrZ5GUTeXrk,,,,,32.7797,-96.8022,anonymous,EN,0.100000001490116,,0,0,1582-10-14,1,3,NA,2,2,2,2,1,1,3,5,1,2,4,2,4,2,1,1,2,3,4,1,5,72,82,2,2,3,2,1,NA,NA,NA,NA,NA,NA,NA,NA,2,2,4,2,2,10183,NA,NA,NA,NA,2,NA,NA,NA,1,2,NA,1,NA,1,NA,NA
270,2023-05-03 06:44:45,2023-05-03 06:46:37,0,208.196.99.226,100,112,1,2023-05-03 06:46:38,R_1Q3lQswCgscJIOw,,,,,26.3477,-80.1094,anonymous,EN,1,,0,0,1582-10-14,1,3,NA,2,1,2,2,1,2,2,3,4,5,1,1,1,2,2,2,5,4,3,2,1,72,82,2,2,2,3,NA,NA,NA,NA,NA,NA,1,NA,NA,1,4,12,2,2,75606,NA,NA,NA,NA,NA,2,NA,NA,1,2,NA,1,1,NA,NA,NA
271,2023-05-03 06:45:32,2023-05-03 06:47:28,0,208.196.103.210,100,116,1,2023-05-03 06:47:29,R_3JnqHeXUXDKrtNu,,,,,26.3477,-80.1094,anonymous,EN,1,,0,0,1582-10-14,1,1,1,NA,2,1,2,3,4,5,3,1,2,4,2,2,3,5,4,4,1,2,3,5,56,73,2,3,2,3,NA,NA,NA,NA,NA,NA,1,NA,NA,1,3,12,2,2,40911,NA,NA,NA,NA,NA,NA,2,NA,1,NA,2,1,1,NA,NA,NA
272,2023-05-03 06:40:18,2023-05-03 06:47:32,0,73.74.146.107,100,433,1,2023-05-03 06:47:32,R_RyMncApSCuOdAmB,,,,,42.1643,-88.3124,anonymous,EN,1,,0,0,1582-10-14,1,2,2,NA,4,3,1,2,1,1,2,4,5,3,5,5,2,3,3,5,3,4,1,2,40,25,2,2,4,2,NA,NA,NA,NA,NA,NA,1,NA,NA,2,2,52,2,2,33408,NA,NA,NA,NA,NA,NA,NA,2,1,2,NA,1,1,NA,NA,NA
273,2023-05-03 06:48:22,2023-05-03 06:49:53,0,204.242.181.230,100,90,1,2023-05-03 06:49:54,R_0oberzquuDKWbf3,,,,,35.1243,-78.8979,anonymous,EN,1,,0,10,1582-10-14,1,2,1,NA,1,2,2,2,1,4,5,3,1,2,2,2,3,2,3,4,5,2,3,1,53,54,4,3,1,3,NA,NA,NA,NA,NA,NA,1,NA,NA,2,3,42,2,2,26372,2,NA,NA,NA,NA,NA,NA,NA,1,2,NA,1,NA,NA,1,NA
274,2023-05-03 06:48:45,2023-05-03 06:51:01,0,208.196.100.95,100,136,1,2023-05-03 06:51:02,R_279G5MrW5UNJzVv,,,,,26.3477,-80.1094,anonymous,EN,1,,0,20,1582-10-14,1,1,1,NA,3,4,2,3,1,3,5,2,1,4,4,2,1,3,4,2,5,3,1,4,53,74,2,4,2,3,NA,NA,NA,NA,NA,NA,1,NA,NA,1,3,12,2,2,19792,NA,NA,NA,2,NA,NA,NA,NA,1,2,NA,1,1,NA,NA,NA
275,2023-05-03 06:52:26,2023-05-03 06:53:50,0,208.195.168.68,100,84,1,2023-05-03 06:53:51,R_1C90SNwurXsbVKc,,,,,40.8023,-73.7329,anonymous,EN,1,,0,0,1582-10-14,1,3,NA,2,2,2,1,2,1,3,1,2,5,4,1,2,1,2,2,3,5,2,1,4,63,76,2,2,1,1,NA,NA,NA,NA,NA,NA,1,NA,NA,2,3,13,2,2,63450,NA,NA,NA,NA,NA,NA,2,NA,1,2,NA,1,NA,NA,NA,1
276,2023-05-03 06:55:30,2023-05-03 06:56:48,0,208.194.221.87,100,78,1,2023-05-03 06:56:49,R_3fNMpJekDHjGG8K,,,,,40.7637,-73.7695,anonymous,EN,0.899999976158142,,0,30,1582-10-14,1,1,1,NA,2,3,2,2,3,1,2,3,4,5,3,3,2,3,2,5,2,4,3,1,64,68,2,2,2,2,NA,NA,NA,NA,NA,NA,1,NA,NA,2,3,25,2,2,59112,2,NA,NA,NA,NA,NA,NA,NA,1,NA,2,1,1,NA,NA,NA
277,2023-05-03 06:55:34,2023-05-03 06:58:28,0,168.158.144.41,100,173,1,2023-05-03 06:58:29,R_2V8VhvVVOeb2NOs,,,,,37.751,-97.822,anonymous,EN,0.899999976158142,,0,30,1582-10-14,1,2,1,NA,5,4,5,4,4,3,5,1,4,2,4,2,5,5,5,2,5,1,4,3,87,93,2,2,2,2,NA,NA,NA,NA,NA,NA,1,NA,NA,2,3,9,2,2,34702,NA,NA,NA,NA,NA,2,NA,NA,1,2,NA,1,NA,1,NA,NA
278,2023-05-03 07:05:42,2023-05-03 07:07:12,0,208.195.168.21,100,90,1,2023-05-03 07:07:13,R_21hsmWTfpu6PK81,,,,,40.8023,-73.7329,anonymous,EN,1,,0,0,1582-10-14,1,3,NA,2,2,2,2,2,1,5,1,2,4,3,2,3,2,2,2,2,3,1,4,5,59,73,2,2,2,1,NA,NA,NA,NA,NA,NA,1,NA,NA,2,3,13,2,2,33724,NA,NA,2,NA,NA,NA,NA,NA,1,NA,2,1,1,NA,NA,NA
279,2023-05-03 06:39:04,2023-05-03 07:09:11,0,194.233.150.238,100,1806,1,2023-05-03 07:09:12,R_3NwiqgkFUN3WNt8,,,,,41.1383,-104.8016,anonymous,EN,0.100000001490116,,0,25,1582-10-14,1,2,1,NA,2,1,1,2,1,2,5,1,4,3,1,5,2,2,1,3,5,4,2,1,100,99,1,1,1,1,NA,NA,NA,NA,NA,NA,1,NA,NA,2,3,8,1,2,79993,NA,NA,NA,NA,2,NA,NA,NA,1,NA,2,1,NA,NA,NA,1
280,2023-05-03 07:18:58,2023-05-03 07:26:11,0,121.91.230.42,100,432,1,2023-05-03 07:26:12,R_3s6So2gRixmjfHH,,,,,39.0064,-77.4199,anonymous,EN,1,,0,35,1582-10-14,1,2,1,NA,1,2,1,2,1,1,2,3,4,5,2,2,1,2,1,3,1,2,5,4,74,82,2,2,2,1,NA,NA,NA,NA,NA,NA,1,NA,NA,1,3,42,2,2,64321,NA,NA,NA,NA,NA,NA,NA,2,1,NA,2,1,NA,NA,1,NA
281,2023-05-03 07:02:19,2023-05-03 07:27:35,0,206.251.4.240,100,1516,1,2023-05-03 07:27:36,R_qUxBDqiSvqyJ2WR,,,,,41.1371,-85.0637,anonymous,EN,0.899999976158142,,0,25,1582-10-14,1,2,1,NA,1,2,2,1,1,4,5,2,1,3,1,3,2,2,1,4,1,5,2,3,50,74,1,2,2,1,NA,NA,NA,NA,NA,NA,1,NA,NA,2,3,18,2,2,85326,NA,2,NA,NA,NA,NA,NA,NA,1,NA,2,1,1,NA,NA,NA
282,2023-05-03 06:43:21,2023-05-03 08:00:02,0,204.242.180.62,100,4601,1,2023-05-03 08:00:04,R_cOtzBr9wdsMLAUp,,,,,40.7265,-74.1782,anonymous,EN,0.899999976158142,,0,0,1582-10-14,1,1,1,NA,2,1,2,2,1,3,2,5,1,4,1,2,2,3,2,4,1,5,2,3,85,75,3,3,2,2,NA,NA,NA,NA,NA,NA,1,NA,NA,1,3,13,2,2,40904,NA,NA,NA,NA,2,NA,NA,NA,1,2,NA,1,NA,NA,1,NA
283,2023-05-03 08:18:35,2023-05-03 08:20:55,0,208.194.192.16,100,139,1,2023-05-03 08:20:57,R_3KYEuYFzJ9gCapl,,,,,38.663,-75.2443,anonymous,EN,1,,0,30,1582-10-14,1,1,1,NA,2,2,3,1,2,4,3,5,1,2,4,3,4,5,4,3,1,2,4,5,65,51,4,3,2,1,NA,NA,NA,NA,NA,NA,1,NA,NA,1,3,18,2,2,72655,NA,NA,NA,NA,NA,NA,2,NA,1,2,NA,1,1,NA,NA,NA
284,2023-05-03 05:52:03,2023-05-03 08:58:58,0,103.114.36.234,100,11214,1,2023-05-03 08:58:59,R_UhYwD1PlRt2AMM1,,,,,23.8233,90.365,anonymous,EN,1,,0,0,1582-10-14,1,1,2,NA,3,1,2,1,2,2,3,5,4,1,1,2,1,2,1,1,4,5,2,3,75,72,1,2,2,3,NA,NA,NA,NA,NA,NA,1,NA,NA,1,3,16,2,2,43179,NA,NA,NA,NA,NA,NA,NA,2,1,2,NA,1,NA,NA,NA,1
